{
  "features": [
    {
      "type": "Feature",
      "properties": {
        "name": "New Student and Family Programs",
        "feature_type": "resource"
      },
      "geometry": {
        "coordinates": [
          -118.115281,
          33.782917
        ],
        "type": "Point"
      },
      "id": "0198616258e8a8d7e68f874eff486ab9"
    },
    {
      "type": "Feature",
      "properties": {
        "name": "Lecture Halls 150/151",
        "abbrev": "LH",
        "feature_type": "building"
      },
      "geometry": {
        "coordinates": [
          [
            [
              -118.114061,
              33.778309
            ],
            [
              -118.113795,
              33.778244
            ],
            [
              -118.113832,
              33.778121
            ],
            [
              -118.113893,
              33.778079
            ],
            [
              -118.113932,
              33.778097
            ],
            [
              -118.114029,
              33.778032
            ],
            [
              -118.114053,
              33.778059
            ],
            [
              -118.114142,
              33.778078
            ],
            [
              -118.114061,
              33.778309
            ]
          ]
        ],
        "type": "Polygon"
      },
      "id": "01f0a4cdb8e774f697f37a6b18cff687"
    },
    {
      "type": "Feature",
      "properties": {
        "name": "Shipping Information",
        "feature_type": "resource"
      },
      "geometry": {
        "coordinates": [
          -118.114585,
          33.780103
        ],
        "type": "Point"
      },
      "id": "021cc325e2c90ea82202743c49f2a2ab"
    },
    {
      "type": "Feature",
      "properties": {
        "name": "University Student Union",
        "abbrev": "USU"
      },
      "geometry": {
        "coordinates": [
          [
            [
              -118.113848,
              33.780922
            ],
            [
              -118.113851,
              33.780953
            ],
            [
              -118.113928,
              33.780956
            ],
            [
              -118.113919,
              33.781086
            ],
            [
              -118.11381,
              33.781078
            ],
            [
              -118.113819,
              33.781252
            ],
            [
              -118.113954,
              33.78126
            ],
            [
              -118.113954,
              33.781485
            ],
            [
              -118.113757,
              33.781461
            ],
            [
              -118.113739,
              33.781502
            ],
            [
              -118.113645,
              33.781502
            ],
            [
              -118.113636,
              33.781649
            ],
            [
              -118.113199,
              33.781644
            ],
            [
              -118.113199,
              33.781515
            ],
            [
              -118.113093,
              33.781515
            ],
            [
              -118.113093,
              33.781434
            ],
            [
              -118.113083,
              33.781437
            ],
            [
              -118.113077,
              33.781276
            ],
            [
              -118.113031,
              33.781276
            ],
            [
              -118.113034,
              33.781083
            ],
            [
              -118.113084,
              33.781083
            ],
            [
              -118.113079,
              33.78091
            ],
            [
              -118.1131,
              33.78091
            ],
            [
              -118.113097,
              33.780829
            ],
            [
              -118.11316,
              33.780829
            ],
            [
              -118.113153,
              33.780571
            ],
            [
              -118.113279,
              33.780556
            ],
            [
              -118.113282,
              33.780405
            ],
            [
              -118.11335,
              33.780413
            ],
            [
              -118.113583,
              33.780419
            ],
            [
              -118.113566,
              33.780472
            ],
            [
              -118.113742,
              33.780478
            ],
            [
              -118.113755,
              33.780919
            ],
            [
              -118.113848,
              33.780922
            ]
          ]
        ],
        "type": "Polygon"
      },
      "id": "02d8a007e49c5809cbfc401f18a2b158"
    },
    {
      "type": "Feature",
      "properties": {
        "name": "Liberal Arts 1",
        "abbrev": "LA1",
        "feature_type": "building"
      },
      "geometry": {
        "coordinates": [
          [
            [
              -118.114987,
              33.777819
            ],
            [
              -118.114997,
              33.77779
            ],
            [
              -118.115037,
              33.777794
            ],
            [
              -118.115055,
              33.777727
            ],
            [
              -118.115039,
              33.777725
            ],
            [
              -118.115062,
              33.77765
            ],
            [
              -118.114419,
              33.777508
            ],
            [
              -118.114401,
              33.777582
            ],
            [
              -118.114382,
              33.777581
            ],
            [
              -118.114364,
              33.777648
            ],
            [
              -118.114399,
              33.777658
            ],
            [
              -118.114397,
              33.77768
            ],
            [
              -118.114987,
              33.777819
            ]
          ]
        ],
        "type": "Polygon"
      },
      "id": "03065459c7823c24c900ad4f569d3646"
    },
    {
      "type": "Feature",
      "properties": {
        "name": "Lot G3",
        "feature_type": "parking"
      },
      "geometry": {
        "coordinates": [
          [
            [
              -118.118026,
              33.783015
            ],
            [
              -118.117914,
              33.782954
            ],
            [
              -118.117662,
              33.783334
            ],
            [
              -118.116714,
              33.782888
            ],
            [
              -118.116701,
              33.782806
            ],
            [
              -118.116953,
              33.782497
            ],
            [
              -118.117079,
              33.782481
            ],
            [
              -118.118073,
              33.782954
            ],
            [
              -118.118026,
              33.783015
            ]
          ]
        ],
        "type": "Polygon"
      },
      "id": "0421dbd755fef3fdf929cf23a158a80e"
    },
    {
      "type": "Feature",
      "properties": {
        "name": "Japanese Garden",
        "abbrev": "JG"
      },
      "geometry": {
        "coordinates": [
          [
            [
              -118.119597,
              33.784849
            ],
            [
              -118.12039,
              33.785221
            ],
            [
              -118.120256,
              33.785471
            ],
            [
              -118.120068,
              33.78565
            ],
            [
              -118.119301,
              33.785276
            ],
            [
              -118.119597,
              33.784849
            ]
          ]
        ],
        "type": "Polygon"
      },
      "id": "077e2c2fa6b68f83c60a20d6901aeb61"
    },
    {
      "type": "Feature",
      "properties": {
        "name": "ASI Beach Pantry",
        "feature_type": "resource"
      },
      "geometry": {
        "coordinates": [
          -118.11796,
          33.782252
        ],
        "type": "Point"
      },
      "id": "0891454346f3fee5b36980949abd7130"
    },
    {
      "type": "Feature",
      "properties": {
        "name": "University Bookstore",
        "abbrev": "BKS",
        "feature_type": "building"
      },
      "geometry": {
        "coordinates": [
          [
            [
              -118.114726,
              33.780156
            ],
            [
              -118.113833,
              33.780157
            ],
            [
              -118.11383,
              33.779868
            ],
            [
              -118.113975,
              33.779875
            ],
            [
              -118.113978,
              33.77981
            ],
            [
              -118.114469,
              33.779816
            ],
            [
              -118.114469,
              33.779955
            ],
            [
              -118.114717,
              33.779948
            ],
            [
              -118.114726,
              33.780156
            ]
          ]
        ],
        "type": "Polygon"
      },
      "id": "0a1712457328052be1bff7b382f6718d"
    },
    {
      "type": "Feature",
      "properties": {
        "name": "Molecular and Life Sciences Center",
        "abbrev": "MLSC",
        "feature_type": "building"
      },
      "geometry": {
        "coordinates": [
          [
            [
              -118.112767,
              33.780262
            ],
            [
              -118.112759,
              33.780287
            ],
            [
              -118.11277,
              33.78029
            ],
            [
              -118.112771,
              33.780318
            ],
            [
              -118.112827,
              33.780317
            ],
            [
              -118.112829,
              33.78038
            ],
            [
              -118.112813,
              33.780378
            ],
            [
              -118.112813,
              33.780406
            ],
            [
              -118.112829,
              33.780404
            ],
            [
              -118.112828,
              33.780466
            ],
            [
              -118.112701,
              33.780464
            ],
            [
              -118.112695,
              33.78049
            ],
            [
              -118.112361,
              33.780414
            ],
            [
              -118.112295,
              33.780413
            ],
            [
              -118.112294,
              33.780304
            ],
            [
              -118.112282,
              33.780304
            ],
            [
              -118.112278,
              33.780217
            ],
            [
              -118.112295,
              33.780215
            ],
            [
              -118.112294,
              33.780186
            ],
            [
              -118.112243,
              33.780188
            ],
            [
              -118.112243,
              33.780216
            ],
            [
              -118.11221,
              33.780216
            ],
            [
              -118.1122,
              33.78025
            ],
            [
              -118.111743,
              33.780142
            ],
            [
              -118.111749,
              33.780128
            ],
            [
              -118.111731,
              33.780118
            ],
            [
              -118.111685,
              33.780118
            ],
            [
              -118.111686,
              33.780031
            ],
            [
              -118.111701,
              33.780029
            ],
            [
              -118.111702,
              33.780003
            ],
            [
              -118.111685,
              33.780003
            ],
            [
              -118.111685,
              33.779944
            ],
            [
              -118.111787,
              33.779946
            ],
            [
              -118.111787,
              33.779941
            ],
            [
              -118.111814,
              33.779941
            ],
            [
              -118.111821,
              33.779918
            ],
            [
              -118.112279,
              33.780021
            ],
            [
              -118.112281,
              33.77999
            ],
            [
              -118.112338,
              33.779987
            ],
            [
              -118.112342,
              33.780046
            ],
            [
              -118.112402,
              33.780043
            ],
            [
              -118.112405,
              33.780102
            ],
            [
              -118.112417,
              33.78011
            ],
            [
              -118.112493,
              33.780108
            ],
            [
              -118.112474,
              33.780167
            ],
            [
              -118.11244,
              33.780168
            ],
            [
              -118.112444,
              33.780186
            ],
            [
              -118.112767,
              33.780262
            ]
          ]
        ],
        "type": "Polygon"
      },
      "id": "0a96632d9eaa06c59e371f2976bb2f03"
    },
    {
      "type": "Feature",
      "properties": {
        "name": "Nutrition Program",
        "feature_type": "resource"
      },
      "geometry": {
        "coordinates": [
          -118.120463,
          33.788255
        ],
        "type": "Point"
      },
      "id": "0f035fbb37ee12ec944a320b96a19432"
    },
    {
      "type": "Feature",
      "properties": {
        "name": "International Student and Scholar Services",
        "feature_type": "resource"
      },
      "geometry": {
        "coordinates": [
          -118.110365,
          33.781374
        ],
        "type": "Point"
      },
      "id": "13a95de966d89bbdeb545f7234b06650"
    },
    {
      "type": "Feature",
      "properties": {
        "name": "Lot G1",
        "feature_type": "parking"
      },
      "geometry": {
        "coordinates": [
          [
            [
              -118.120375,
              33.782059
            ],
            [
              -118.120322,
              33.781557
            ],
            [
              -118.118204,
              33.78155
            ],
            [
              -118.118234,
              33.782021
            ],
            [
              -118.118364,
              33.782014
            ],
            [
              -118.118341,
              33.781785
            ],
            [
              -118.120245,
              33.781811
            ],
            [
              -118.120245,
              33.782046
            ],
            [
              -118.120375,
              33.782059
            ]
          ]
        ],
        "type": "Polygon"
      },
      "id": "1541b0d1c5777b6dbe21f84dbdfee0db"
    },
    {
      "type": "Feature",
      "properties": {
        "name": "Graduate Center",
        "feature_type": "resource"
      },
      "geometry": {
        "coordinates": [
          -118.11495,
          33.777367
        ],
        "type": "Point"
      },
      "id": "16b4bc63129a201b02ec3be7a1acfe30"
    },
    {
      "type": "Feature",
      "properties": {
        "name": "Psychology",
        "abbrev": "PSY",
        "feature_type": "building"
      },
      "geometry": {
        "coordinates": [
          [
            [
              -118.114409,
              33.779737
            ],
            [
              -118.114037,
              33.779653
            ],
            [
              -118.114057,
              33.779581
            ],
            [
              -118.114041,
              33.779576
            ],
            [
              -118.114029,
              33.77961
            ],
            [
              -118.113991,
              33.7796
            ],
            [
              -118.114009,
              33.779537
            ],
            [
              -118.114305,
              33.779603
            ],
            [
              -118.114311,
              33.77958
            ],
            [
              -118.114272,
              33.779569
            ],
            [
              -118.114265,
              33.779585
            ],
            [
              -118.114225,
              33.77957
            ],
            [
              -118.11425,
              33.779478
            ],
            [
              -118.114288,
              33.779491
            ],
            [
              -118.114277,
              33.779535
            ],
            [
              -118.11434,
              33.779548
            ],
            [
              -118.114341,
              33.779539
            ],
            [
              -118.114307,
              33.779531
            ],
            [
              -118.114354,
              33.779381
            ],
            [
              -118.114396,
              33.779389
            ],
            [
              -118.114411,
              33.779343
            ],
            [
              -118.114401,
              33.77934
            ],
            [
              -118.114394,
              33.779367
            ],
            [
              -118.114039,
              33.779287
            ],
            [
              -118.114042,
              33.779262
            ],
            [
              -118.114031,
              33.77926
            ],
            [
              -118.114007,
              33.779363
            ],
            [
              -118.114056,
              33.779377
            ],
            [
              -118.114028,
              33.779455
            ],
            [
              -118.113992,
              33.779447
            ],
            [
              -118.113999,
              33.779412
            ],
            [
              -118.113964,
              33.779404
            ],
            [
              -118.113956,
              33.779429
            ],
            [
              -118.113865,
              33.779404
            ],
            [
              -118.113957,
              33.77913
            ],
            [
              -118.114044,
              33.779154
            ],
            [
              -118.114039,
              33.779175
            ],
            [
              -118.114064,
              33.779178
            ],
            [
              -118.114068,
              33.779159
            ],
            [
              -118.114442,
              33.779239
            ],
            [
              -118.114439,
              33.77926
            ],
            [
              -118.114459,
              33.779265
            ],
            [
              -118.114467,
              33.779248
            ],
            [
              -118.114566,
              33.779268
            ],
            [
              -118.114441,
              33.77964
            ],
            [
              -118.114415,
              33.779638
            ],
            [
              -118.114409,
              33.779654
            ],
            [
              -118.114434,
              33.779661
            ],
            [
              -118.114409,
              33.779737
            ]
          ]
        ],
        "type": "Polygon"
      },
      "id": "172ae10d141bff6e10621c68ce91eea6"
    },
    {
      "type": "Feature",
      "properties": {
        "name": "Beach Building Services",
        "abbrev": "BBS",
        "feature_type": "building"
      },
      "geometry": {
        "coordinates": [
          [
            [
              -118.10869,
              33.783783
            ],
            [
              -118.108348,
              33.783782
            ],
            [
              -118.10835,
              33.783534
            ],
            [
              -118.108693,
              33.783533
            ],
            [
              -118.10869,
              33.783783
            ]
          ]
        ],
        "type": "Polygon"
      },
      "id": "1771cce750b1aa493d25daea093b9b1f"
    },
    {
      "type": "Feature",
      "properties": {
        "name": "Fine Arts 1",
        "abbrev": "FA1",
        "feature_type": "building"
      },
      "geometry": {
        "coordinates": [
          [
            [
              -118.112824,
              33.777327
            ],
            [
              -118.112859,
              33.77722
            ],
            [
              -118.112134,
              33.777054
            ],
            [
              -118.112104,
              33.777147
            ],
            [
              -118.112141,
              33.777154
            ],
            [
              -118.112137,
              33.777179
            ],
            [
              -118.112824,
              33.777327
            ]
          ]
        ],
        "type": "Polygon"
      },
      "id": "1881537106c7d37b787fb0ea47cd1f8e"
    },
    {
      "type": "Feature",
      "properties": {
        "name": "Parkside K",
        "feature_type": "building"
      },
      "geometry": {
        "coordinates": [
          [
            [
              -118.120376,
              33.786579
            ],
            [
              -118.120374,
              33.786539
            ],
            [
              -118.120351,
              33.78654
            ],
            [
              -118.12035,
              33.786507
            ],
            [
              -118.120375,
              33.786506
            ],
            [
              -118.120375,
              33.786461
            ],
            [
              -118.120365,
              33.78646
            ],
            [
              -118.120366,
              33.786431
            ],
            [
              -118.120301,
              33.786432
            ],
            [
              -118.120304,
              33.786444
            ],
            [
              -118.120269,
              33.786444
            ],
            [
              -118.120269,
              33.78643
            ],
            [
              -118.120298,
              33.786428
            ],
            [
              -118.120296,
              33.78641
            ],
            [
              -118.120344,
              33.786413
            ],
            [
              -118.120346,
              33.786346
            ],
            [
              -118.120267,
              33.786345
            ],
            [
              -118.120268,
              33.786316
            ],
            [
              -118.120301,
              33.786317
            ],
            [
              -118.120302,
              33.786328
            ],
            [
              -118.120371,
              33.786327
            ],
            [
              -118.120365,
              33.786295
            ],
            [
              -118.120375,
              33.786293
            ],
            [
              -118.120377,
              33.786253
            ],
            [
              -118.120353,
              33.786252
            ],
            [
              -118.120354,
              33.786219
            ],
            [
              -118.120377,
              33.786217
            ],
            [
              -118.120376,
              33.786174
            ],
            [
              -118.120365,
              33.786176
            ],
            [
              -118.120367,
              33.786146
            ],
            [
              -118.1203,
              33.786146
            ],
            [
              -118.120302,
              33.786158
            ],
            [
              -118.120208,
              33.786159
            ],
            [
              -118.120206,
              33.786147
            ],
            [
              -118.120148,
              33.786147
            ],
            [
              -118.120152,
              33.786177
            ],
            [
              -118.120137,
              33.786178
            ],
            [
              -118.120141,
              33.786224
            ],
            [
              -118.120163,
              33.786224
            ],
            [
              -118.120161,
              33.786253
            ],
            [
              -118.120141,
              33.786253
            ],
            [
              -118.120141,
              33.786297
            ],
            [
              -118.120152,
              33.786297
            ],
            [
              -118.120149,
              33.786327
            ],
            [
              -118.120213,
              33.786329
            ],
            [
              -118.120212,
              33.786319
            ],
            [
              -118.120241,
              33.78632
            ],
            [
              -118.120242,
              33.786346
            ],
            [
              -118.120176,
              33.786345
            ],
            [
              -118.120176,
              33.786414
            ],
            [
              -118.120242,
              33.786417
            ],
            [
              -118.120242,
              33.786443
            ],
            [
              -118.120209,
              33.786443
            ],
            [
              -118.120209,
              33.786432
            ],
            [
              -118.120149,
              33.786431
            ],
            [
              -118.120151,
              33.786463
            ],
            [
              -118.120139,
              33.786463
            ],
            [
              -118.120138,
              33.786507
            ],
            [
              -118.120163,
              33.786508
            ],
            [
              -118.120163,
              33.786537
            ],
            [
              -118.120141,
              33.786538
            ],
            [
              -118.120139,
              33.786585
            ],
            [
              -118.120151,
              33.786585
            ],
            [
              -118.120149,
              33.786613
            ],
            [
              -118.120212,
              33.786616
            ],
            [
              -118.120212,
              33.7866
            ],
            [
              -118.120304,
              33.786604
            ],
            [
              -118.120304,
              33.786616
            ],
            [
              -118.120363,
              33.786613
            ],
            [
              -118.120363,
              33.786582
            ],
            [
              -118.120376,
              33.786579
            ]
          ]
        ],
        "type": "Polygon"
      },
      "id": "1bfe86eee0bb33181c2da5d348f7f3e2"
    },
    {
      "type": "Feature",
      "properties": {
        "name": "Barrett Athletic Administration Center (BAC)",
        "abbrev": "BAC",
        "feature_type": "building"
      },
      "geometry": {
        "coordinates": [
          [
            [
              -118.114994,
              33.786566
            ],
            [
              -118.114788,
              33.786566
            ],
            [
              -118.114788,
              33.786555
            ],
            [
              -118.114691,
              33.786555
            ],
            [
              -118.114693,
              33.786566
            ],
            [
              -118.114658,
              33.786566
            ],
            [
              -118.114658,
              33.786483
            ],
            [
              -118.114685,
              33.786484
            ],
            [
              -118.114684,
              33.786368
            ],
            [
              -118.114801,
              33.786372
            ],
            [
              -118.114806,
              33.786174
            ],
            [
              -118.114872,
              33.786178
            ],
            [
              -118.114872,
              33.786157
            ],
            [
              -118.114933,
              33.78616
            ],
            [
              -118.114942,
              33.786181
            ],
            [
              -118.114998,
              33.786184
            ],
            [
              -118.114994,
              33.786566
            ]
          ]
        ],
        "type": "Polygon"
      },
      "id": "1cb7410fdbf801523aca5e897a17a93e"
    },
    {
      "type": "Feature",
      "properties": {
        "name": "Carolyn Campagna Kleefeld Contemporary Art Museum",
        "abbrev": "KCAM",
        "feature_type": "building"
      },
      "geometry": {
        "coordinates": [
          [
            [
              -118.114821,
              33.783702
            ],
            [
              -118.114562,
              33.78369
            ],
            [
              -118.114557,
              33.783325
            ],
            [
              -118.114827,
              33.783324
            ],
            [
              -118.114827,
              33.783368
            ],
            [
              -118.114854,
              33.783373
            ],
            [
              -118.11485,
              33.783411
            ],
            [
              -118.114831,
              33.78341
            ],
            [
              -118.114831,
              33.783455
            ],
            [
              -118.114854,
              33.78346
            ],
            [
              -118.114855,
              33.783498
            ],
            [
              -118.114827,
              33.7835
            ],
            [
              -118.114821,
              33.783702
            ]
          ]
        ],
        "type": "Polygon"
      },
      "id": "211bd7e4c83bc7b7a4ca63f2959088fe"
    },
    {
      "type": "Feature",
      "properties": {
        "name": "Lot R2",
        "feature_type": "parking"
      },
      "geometry": {
        "coordinates": [
          [
            [
              -118.119496,
              33.785782
            ],
            [
              -118.119186,
              33.785601
            ],
            [
              -118.119115,
              33.785625
            ],
            [
              -118.119084,
              33.785712
            ],
            [
              -118.119076,
              33.785798
            ],
            [
              -118.119081,
              33.785857
            ],
            [
              -118.11894,
              33.785852
            ],
            [
              -118.118943,
              33.785911
            ],
            [
              -118.119095,
              33.785892
            ],
            [
              -118.119107,
              33.78596
            ],
            [
              -118.119177,
              33.78607
            ],
            [
              -118.119284,
              33.786082
            ],
            [
              -118.119496,
              33.785782
            ]
          ]
        ],
        "type": "Polygon"
      },
      "id": "213541691dbff399dbf719f69823bfd0"
    },
    {
      "type": "Feature",
      "properties": {
        "name": "Lot G7",
        "feature_type": "parking"
      },
      "geometry": {
        "coordinates": [
          [
            [
              -118.11901,
              33.787015
            ],
            [
              -118.119017,
              33.786392
            ],
            [
              -118.118885,
              33.786217
            ],
            [
              -118.116322,
              33.786174
            ],
            [
              -118.116283,
              33.787037
            ],
            [
              -118.11901,
              33.787015
            ]
          ]
        ],
        "type": "Polygon"
      },
      "id": "2139734d106b4397bafe6f151eabfb26"
    },
    {
      "type": "Feature",
      "properties": {
        "name": "Basic Needs Program",
        "feature_type": "resource"
      },
      "geometry": {
        "coordinates": [
          -118.114904,
          33.777309
        ],
        "type": "Point"
      },
      "id": "22a074ee5eec3b568d56fd3fdbf89a36"
    },
    {
      "type": "Feature",
      "properties": {
        "name": "LBSU Softball Complex"
      },
      "geometry": {
        "coordinates": [
          [
            [
              -118.112443,
              33.786152
            ],
            [
              -118.112324,
              33.786004
            ],
            [
              -118.112228,
              33.785931
            ],
            [
              -118.112135,
              33.785881
            ],
            [
              -118.112054,
              33.785857
            ],
            [
              -118.111698,
              33.785856
            ],
            [
              -118.111572,
              33.785856
            ],
            [
              -118.111581,
              33.786581
            ],
            [
              -118.11244,
              33.786581
            ],
            [
              -118.112443,
              33.786152
            ]
          ]
        ],
        "type": "Polygon"
      },
      "id": "23b77a3912fc4d6034c678875f013e23"
    },
    {
      "type": "Feature",
      "properties": {
        "name": "I-Space",
        "feature_type": "resource"
      },
      "geometry": {
        "coordinates": [
          -118.114863,
          33.777055
        ],
        "type": "Point"
      },
      "id": "29eadaf5bf3ca7f97374b286fd6f4db3"
    },
    {
      "type": "Feature",
      "properties": {
        "name": "Parkside P",
        "feature_type": "building"
      },
      "geometry": {
        "coordinates": [
          [
            [
              -118.120364,
              33.78764
            ],
            [
              -118.120363,
              33.787606
            ],
            [
              -118.120374,
              33.787604
            ],
            [
              -118.120372,
              33.787564
            ],
            [
              -118.12035,
              33.78756
            ],
            [
              -118.12035,
              33.787529
            ],
            [
              -118.120373,
              33.787532
            ],
            [
              -118.120373,
              33.787485
            ],
            [
              -118.120362,
              33.787485
            ],
            [
              -118.120365,
              33.787456
            ],
            [
              -118.120299,
              33.787456
            ],
            [
              -118.1203,
              33.787467
            ],
            [
              -118.120268,
              33.787466
            ],
            [
              -118.120267,
              33.787451
            ],
            [
              -118.120292,
              33.787452
            ],
            [
              -118.120292,
              33.78744
            ],
            [
              -118.120341,
              33.787438
            ],
            [
              -118.120343,
              33.787373
            ],
            [
              -118.120268,
              33.787369
            ],
            [
              -118.12027,
              33.787343
            ],
            [
              -118.120303,
              33.787342
            ],
            [
              -118.120304,
              33.787349
            ],
            [
              -118.120363,
              33.78735
            ],
            [
              -118.120365,
              33.787321
            ],
            [
              -118.120374,
              33.787321
            ],
            [
              -118.120372,
              33.787279
            ],
            [
              -118.120352,
              33.787278
            ],
            [
              -118.120353,
              33.787244
            ],
            [
              -118.120373,
              33.787245
            ],
            [
              -118.120376,
              33.7872
            ],
            [
              -118.120362,
              33.787202
            ],
            [
              -118.120365,
              33.787174
            ],
            [
              -118.120299,
              33.78717
            ],
            [
              -118.120301,
              33.787183
            ],
            [
              -118.12021,
              33.787181
            ],
            [
              -118.120211,
              33.787172
            ],
            [
              -118.120148,
              33.787172
            ],
            [
              -118.120148,
              33.7872
            ],
            [
              -118.120137,
              33.787201
            ],
            [
              -118.120138,
              33.787244
            ],
            [
              -118.120158,
              33.787247
            ],
            [
              -118.120156,
              33.78728
            ],
            [
              -118.120137,
              33.787278
            ],
            [
              -118.120139,
              33.78732
            ],
            [
              -118.120146,
              33.787322
            ],
            [
              -118.120146,
              33.787351
            ],
            [
              -118.12021,
              33.787354
            ],
            [
              -118.120208,
              33.78734
            ],
            [
              -118.120243,
              33.787343
            ],
            [
              -118.12024,
              33.787369
            ],
            [
              -118.120176,
              33.787368
            ],
            [
              -118.120174,
              33.787435
            ],
            [
              -118.120238,
              33.787438
            ],
            [
              -118.120236,
              33.787466
            ],
            [
              -118.120211,
              33.787466
            ],
            [
              -118.120212,
              33.787456
            ],
            [
              -118.120147,
              33.787455
            ],
            [
              -118.120146,
              33.787489
            ],
            [
              -118.120138,
              33.787487
            ],
            [
              -118.120138,
              33.78753
            ],
            [
              -118.120158,
              33.787532
            ],
            [
              -118.120157,
              33.787565
            ],
            [
              -118.120134,
              33.787563
            ],
            [
              -118.120133,
              33.787605
            ],
            [
              -118.120147,
              33.787606
            ],
            [
              -118.120143,
              33.787637
            ],
            [
              -118.120208,
              33.78764
            ],
            [
              -118.120211,
              33.787626
            ],
            [
              -118.120297,
              33.787629
            ],
            [
              -118.120298,
              33.787638
            ],
            [
              -118.120364,
              33.78764
            ]
          ]
        ],
        "type": "Polygon"
      },
      "id": "2a3caac913506a756be6ea279236253d"
    },
    {
      "type": "Feature",
      "properties": {
        "name": "Parkside N",
        "feature_type": "building"
      },
      "geometry": {
        "coordinates": [
          [
            [
              -118.119877,
              33.787609
            ],
            [
              -118.119874,
              33.787577
            ],
            [
              -118.119888,
              33.787578
            ],
            [
              -118.119885,
              33.787533
            ],
            [
              -118.119864,
              33.787533
            ],
            [
              -118.119862,
              33.787504
            ],
            [
              -118.119886,
              33.787505
            ],
            [
              -118.119888,
              33.787458
            ],
            [
              -118.119878,
              33.787455
            ],
            [
              -118.119878,
              33.787426
            ],
            [
              -118.119814,
              33.787422
            ],
            [
              -118.119814,
              33.787437
            ],
            [
              -118.11978,
              33.787436
            ],
            [
              -118.119779,
              33.787407
            ],
            [
              -118.119851,
              33.787411
            ],
            [
              -118.119851,
              33.787342
            ],
            [
              -118.119778,
              33.787341
            ],
            [
              -118.119778,
              33.787312
            ],
            [
              -118.119815,
              33.787312
            ],
            [
              -118.119816,
              33.787324
            ],
            [
              -118.119877,
              33.787324
            ],
            [
              -118.119875,
              33.787299
            ],
            [
              -118.119888,
              33.787297
            ],
            [
              -118.119884,
              33.78725
            ],
            [
              -118.119863,
              33.787247
            ],
            [
              -118.119866,
              33.787217
            ],
            [
              -118.119888,
              33.787216
            ],
            [
              -118.119887,
              33.787171
            ],
            [
              -118.119876,
              33.787173
            ],
            [
              -118.119877,
              33.787143
            ],
            [
              -118.119817,
              33.787139
            ],
            [
              -118.119815,
              33.787152
            ],
            [
              -118.11972,
              33.787153
            ],
            [
              -118.119721,
              33.787142
            ],
            [
              -118.119661,
              33.78714
            ],
            [
              -118.119664,
              33.787171
            ],
            [
              -118.119654,
              33.787169
            ],
            [
              -118.119657,
              33.787217
            ],
            [
              -118.119677,
              33.787216
            ],
            [
              -118.119674,
              33.787248
            ],
            [
              -118.119654,
              33.787247
            ],
            [
              -118.119654,
              33.78729
            ],
            [
              -118.119663,
              33.787292
            ],
            [
              -118.119663,
              33.787322
            ],
            [
              -118.119724,
              33.787322
            ],
            [
              -118.119724,
              33.787312
            ],
            [
              -118.119757,
              33.787312
            ],
            [
              -118.119758,
              33.787323
            ],
            [
              -118.119732,
              33.787324
            ],
            [
              -118.119732,
              33.787338
            ],
            [
              -118.119682,
              33.787338
            ],
            [
              -118.119684,
              33.787408
            ],
            [
              -118.119755,
              33.787408
            ],
            [
              -118.119755,
              33.787436
            ],
            [
              -118.119722,
              33.787436
            ],
            [
              -118.119721,
              33.787425
            ],
            [
              -118.119662,
              33.787426
            ],
            [
              -118.119663,
              33.787456
            ],
            [
              -118.119652,
              33.787456
            ],
            [
              -118.119653,
              33.787497
            ],
            [
              -118.119676,
              33.787498
            ],
            [
              -118.119676,
              33.787531
            ],
            [
              -118.119653,
              33.787534
            ],
            [
              -118.119653,
              33.787575
            ],
            [
              -118.119661,
              33.787577
            ],
            [
              -118.119658,
              33.787605
            ],
            [
              -118.11972,
              33.787607
            ],
            [
              -118.119721,
              33.787596
            ],
            [
              -118.119814,
              33.787596
            ],
            [
              -118.119816,
              33.787609
            ],
            [
              -118.119877,
              33.787609
            ]
          ]
        ],
        "type": "Polygon"
      },
      "id": "2aa59808855bbc3e3b04dcd1cf084f6a"
    },
    {
      "type": "Feature",
      "properties": {
        "name": "Education 2",
        "abbrev": "ED2",
        "feature_type": "building"
      },
      "geometry": {
        "coordinates": [
          [
            [
              -118.114614,
              33.775841
            ],
            [
              -118.114616,
              33.77574
            ],
            [
              -118.114615,
              33.775648
            ],
            [
              -118.114082,
              33.775646
            ],
            [
              -118.114082,
              33.775718
            ],
            [
              -118.114029,
              33.775721
            ],
            [
              -118.114036,
              33.775747
            ],
            [
              -118.114055,
              33.77575
            ],
            [
              -118.11406,
              33.77584
            ],
            [
              -118.114614,
              33.775841
            ]
          ]
        ],
        "type": "Polygon"
      },
      "id": "2ae94de5c6c8403521a7385de97c6518"
    },
    {
      "type": "Feature",
      "properties": {
        "name": "Computer Lab",
        "feature_type": "resource"
      },
      "geometry": {
        "coordinates": [
          -118.113844,
          33.78327
        ],
        "type": "Point"
      },
      "id": "2b186afa7a218f0fd036ad701503e833"
    },
    {
      "type": "Feature",
      "properties": {
        "name": "Lot G4",
        "feature_type": "parking"
      },
      "geometry": {
        "coordinates": [
          [
            [
              -118.119326,
              33.784806
            ],
            [
              -118.119182,
              33.784743
            ],
            [
              -118.119296,
              33.784542
            ],
            [
              -118.118455,
              33.784131
            ],
            [
              -118.118527,
              33.784011
            ],
            [
              -118.117835,
              33.783675
            ],
            [
              -118.117815,
              33.783697
            ],
            [
              -118.11769,
              33.783634
            ],
            [
              -118.117662,
              33.783678
            ],
            [
              -118.117779,
              33.783741
            ],
            [
              -118.117437,
              33.784234
            ],
            [
              -118.119015,
              33.784982
            ],
            [
              -118.119142,
              33.784793
            ],
            [
              -118.119289,
              33.784853
            ],
            [
              -118.119326,
              33.784806
            ]
          ]
        ],
        "type": "Polygon"
      },
      "id": "2f6ba5f6d95aed8cf5cdf2b69f220393"
    },
    {
      "type": "Feature",
      "properties": {
        "name": "International House",
        "abbrev": "IH",
        "feature_type": "building"
      },
      "geometry": {
        "coordinates": [
          [
            [
              -118.121064,
              33.781898
            ],
            [
              -118.121068,
              33.781637
            ],
            [
              -118.120847,
              33.781637
            ],
            [
              -118.120848,
              33.781573
            ],
            [
              -118.120747,
              33.781565
            ],
            [
              -118.120744,
              33.781599
            ],
            [
              -118.120707,
              33.781603
            ],
            [
              -118.120712,
              33.781517
            ],
            [
              -118.1204,
              33.781512
            ],
            [
              -118.120399,
              33.781701
            ],
            [
              -118.120523,
              33.781702
            ],
            [
              -118.120528,
              33.781739
            ],
            [
              -118.120467,
              33.781735
            ],
            [
              -118.120469,
              33.781791
            ],
            [
              -118.120523,
              33.781787
            ],
            [
              -118.120519,
              33.781831
            ],
            [
              -118.120584,
              33.781834
            ],
            [
              -118.120587,
              33.781794
            ],
            [
              -118.120723,
              33.781798
            ],
            [
              -118.120726,
              33.781834
            ],
            [
              -118.120789,
              33.781842
            ],
            [
              -118.120796,
              33.781791
            ],
            [
              -118.120844,
              33.781789
            ],
            [
              -118.120847,
              33.781895
            ],
            [
              -118.121064,
              33.781898
            ]
          ]
        ],
        "type": "Polygon"
      },
      "id": "306627ae03d55b47fa211b9067113486"
    },
    {
      "type": "Feature",
      "properties": {
        "name": "Hispanic Serving Institution - Science, Technology, Engineering, and Mathematics",
        "abbrev": "HSI-STEM",
        "feature_type": "resource"
      },
      "geometry": {
        "coordinates": [
          -118.110297,
          33.782847
        ],
        "type": "Point"
      },
      "id": "328eab0e8e61238cf0733234ea55a8db"
    },
    {
      "type": "Feature",
      "properties": {
        "name": "Soccer and Softball Clubhouse"
      },
      "geometry": {
        "coordinates": [
          [
            [
              -118.112198,
              33.786853
            ],
            [
              -118.111879,
              33.786857
            ],
            [
              -118.111884,
              33.786692
            ],
            [
              -118.112181,
              33.786695
            ],
            [
              -118.112181,
              33.786707
            ],
            [
              -118.112201,
              33.786706
            ],
            [
              -118.112198,
              33.786853
            ]
          ]
        ],
        "type": "Polygon"
      },
      "id": "343f3b240bf01fbade10013e87854d81"
    },
    {
      "type": "Feature",
      "properties": {
        "name": "Liberal Arts 3",
        "abbrev": "LA3",
        "feature_type": "building"
      },
      "geometry": {
        "coordinates": [
          [
            [
              -118.114791,
              33.778403
            ],
            [
              -118.114131,
              33.778255
            ],
            [
              -118.114158,
              33.778167
            ],
            [
              -118.114724,
              33.778303
            ],
            [
              -118.114764,
              33.778189
            ],
            [
              -118.114851,
              33.77821
            ],
            [
              -118.114791,
              33.778403
            ]
          ]
        ],
        "type": "Polygon"
      },
      "id": "345c97892f1d559952c18cc5d6108c7c"
    },
    {
      "type": "Feature",
      "properties": {
        "name": "Anatol Center",
        "feature_type": "resource"
      },
      "geometry": {
        "coordinates": [
          -118.113772,
          33.776771
        ],
        "type": "Point"
      },
      "id": "357c807e346dd6547a674e7a89ee89ee"
    },
    {
      "type": "Feature",
      "properties": {
        "name": "Campus Print and Design",
        "feature_type": "resource"
      },
      "geometry": {
        "coordinates": [
          -118.114509,
          33.780091
        ],
        "type": "Point"
      },
      "id": "368133e6b6ab2667da13768409cf5e0c"
    },
    {
      "type": "Feature",
      "properties": {
        "name": "Lot 19",
        "feature_type": "parking"
      },
      "geometry": {
        "coordinates": [
          [
            [
              -118.119253,
              33.783174
            ],
            [
              -118.119345,
              33.783002
            ],
            [
              -118.118305,
              33.782487
            ],
            [
              -118.118267,
              33.782726
            ],
            [
              -118.119253,
              33.783174
            ]
          ]
        ],
        "type": "Polygon"
      },
      "id": "3704136840a0c71887ebdf37647d043d"
    },
    {
      "type": "Feature",
      "properties": {
        "name": "Hillside C",
        "feature_type": "building"
      },
      "geometry": {
        "coordinates": [
          [
            [
              -118.120536,
              33.782474
            ],
            [
              -118.120525,
              33.78247
            ],
            [
              -118.120546,
              33.782445
            ],
            [
              -118.120491,
              33.782414
            ],
            [
              -118.120481,
              33.782426
            ],
            [
              -118.120452,
              33.782411
            ],
            [
              -118.12048,
              33.782373
            ],
            [
              -118.120454,
              33.782361
            ],
            [
              -118.120436,
              33.782391
            ],
            [
              -118.120351,
              33.782348
            ],
            [
              -118.120302,
              33.782413
            ],
            [
              -118.120327,
              33.782426
            ],
            [
              -118.120307,
              33.782455
            ],
            [
              -118.120286,
              33.782447
            ],
            [
              -118.120262,
              33.782483
            ],
            [
              -118.120284,
              33.782496
            ],
            [
              -118.120272,
              33.78251
            ],
            [
              -118.120337,
              33.782545
            ],
            [
              -118.120318,
              33.78257
            ],
            [
              -118.120272,
              33.782546
            ],
            [
              -118.120233,
              33.7826
            ],
            [
              -118.120337,
              33.782651
            ],
            [
              -118.120392,
              33.782571
            ],
            [
              -118.120447,
              33.782597
            ],
            [
              -118.120487,
              33.782543
            ],
            [
              -118.120457,
              33.782525
            ],
            [
              -118.120475,
              33.782501
            ],
            [
              -118.120507,
              33.782515
            ],
            [
              -118.120536,
              33.782474
            ]
          ]
        ],
        "type": "Polygon"
      },
      "id": "393293c33dd7597208e299cb330f7ec6"
    },
    {
      "type": "Feature",
      "properties": {
        "name": "Lindgren Aquatics Center",
        "abbrev": "POOL"
      },
      "geometry": {
        "coordinates": [
          [
            [
              -118.113097,
              33.784121
            ],
            [
              -118.113083,
              33.783762
            ],
            [
              -118.112863,
              33.783758
            ],
            [
              -118.111907,
              33.783752
            ],
            [
              -118.111907,
              33.78418
            ],
            [
              -118.112082,
              33.784177
            ],
            [
              -118.11208,
              33.784132
            ],
            [
              -118.112599,
              33.784133
            ],
            [
              -118.112599,
              33.784118
            ],
            [
              -118.113097,
              33.784121
            ]
          ]
        ],
        "type": "Polygon"
      },
      "id": "3a221793179fb424502b08cb8d367d28"
    },
    {
      "type": "Feature",
      "properties": {
        "name": "Liberal Arts 4",
        "abbrev": "LA4",
        "feature_type": "building"
      },
      "geometry": {
        "coordinates": [
          [
            [
              -118.114697,
              33.778712
            ],
            [
              -118.114733,
              33.77857
            ],
            [
              -118.114742,
              33.778571
            ],
            [
              -118.114764,
              33.778495
            ],
            [
              -118.114668,
              33.778472
            ],
            [
              -118.114627,
              33.778598
            ],
            [
              -118.114062,
              33.778468
            ],
            [
              -118.114034,
              33.77856
            ],
            [
              -118.114697,
              33.778712
            ]
          ]
        ],
        "type": "Polygon"
      },
      "id": "3a677af831084ccec899495a43c459bd"
    },
    {
      "type": "Feature",
      "properties": {
        "name": "Outpost Convenience Store",
        "feature_type": "building"
      },
      "geometry": {
        "coordinates": [
          [
            [
              -118.110632,
              33.782479
            ],
            [
              -118.110516,
              33.782479
            ],
            [
              -118.110514,
              33.782349
            ],
            [
              -118.110629,
              33.782349
            ],
            [
              -118.110632,
              33.782479
            ]
          ]
        ],
        "type": "Polygon"
      },
      "id": "40b5a805cb582caa9f2c7a4816cfc384"
    },
    {
      "type": "Feature",
      "properties": {
        "name": "Dance Center",
        "abbrev": "DC",
        "feature_type": "building"
      },
      "geometry": {
        "coordinates": [
          [
            [
              -118.11359,
              33.78833
            ],
            [
              -118.113515,
              33.788328
            ],
            [
              -118.113511,
              33.788368
            ],
            [
              -118.113316,
              33.788364
            ],
            [
              -118.113317,
              33.788394
            ],
            [
              -118.1134,
              33.788395
            ],
            [
              -118.1134,
              33.788466
            ],
            [
              -118.113298,
              33.788466
            ],
            [
              -118.113299,
              33.788455
            ],
            [
              -118.113278,
              33.788455
            ],
            [
              -118.113278,
              33.788477
            ],
            [
              -118.11312,
              33.788476
            ],
            [
              -118.11312,
              33.788495
            ],
            [
              -118.11308,
              33.788495
            ],
            [
              -118.11308,
              33.788477
            ],
            [
              -118.112907,
              33.788459
            ],
            [
              -118.112978,
              33.788023
            ],
            [
              -118.113128,
              33.788037
            ],
            [
              -118.113127,
              33.787964
            ],
            [
              -118.113149,
              33.787966
            ],
            [
              -118.113175,
              33.787967
            ],
            [
              -118.113204,
              33.787957
            ],
            [
              -118.113232,
              33.787946
            ],
            [
              -118.113259,
              33.787937
            ],
            [
              -118.113295,
              33.787931
            ],
            [
              -118.113321,
              33.78793
            ],
            [
              -118.113319,
              33.788139
            ],
            [
              -118.11341,
              33.788139
            ],
            [
              -118.113412,
              33.78803
            ],
            [
              -118.113482,
              33.788032
            ],
            [
              -118.113487,
              33.78812
            ],
            [
              -118.11359,
              33.788124
            ],
            [
              -118.11359,
              33.78833
            ]
          ]
        ],
        "type": "Polygon"
      },
      "id": "422fc0081c5c1d88677b05186617b0e2"
    },
    {
      "type": "Feature",
      "properties": {
        "name": "Baseball Practice Field"
      },
      "geometry": {
        "coordinates": [
          [
            [
              -118.113911,
              33.786711
            ],
            [
              -118.113917,
              33.785739
            ],
            [
              -118.113759,
              33.785604
            ],
            [
              -118.113253,
              33.785613
            ],
            [
              -118.112574,
              33.785733
            ],
            [
              -118.112548,
              33.786192
            ],
            [
              -118.112598,
              33.78638
            ],
            [
              -118.112697,
              33.786538
            ],
            [
              -118.112844,
              33.78664
            ],
            [
              -118.112985,
              33.786706
            ],
            [
              -118.113123,
              33.786746
            ],
            [
              -118.113911,
              33.786711
            ]
          ]
        ],
        "type": "Polygon"
      },
      "id": "430a88841475ff2325c8e89a6d11362a"
    },
    {
      "type": "Feature",
      "properties": {
        "name": "Women's and Gender Equity Center",
        "feature_type": "resource"
      },
      "geometry": {
        "coordinates": [
          -118.115183,
          33.78288
        ],
        "type": "Point"
      },
      "id": "441ff70df121fd16a00ff0853ce86542"
    },
    {
      "type": "Feature",
      "properties": {
        "name": "Student Conduct and Ethical Development",
        "feature_type": "resource"
      },
      "geometry": {
        "coordinates": [
          -118.115437,
          33.7827
        ],
        "type": "Point"
      },
      "id": "4426e00a34d6f0ec98b945bc4e9bfcc6"
    },
    {
      "type": "Feature",
      "properties": {
        "name": "College of Business",
        "abbrev": "COB",
        "feature_type": "building"
      },
      "geometry": {
        "coordinates": [
          [
            [
              -118.116188,
              33.784412
            ],
            [
              -118.116222,
              33.784361
            ],
            [
              -118.116257,
              33.784379
            ],
            [
              -118.116419,
              33.784158
            ],
            [
              -118.116382,
              33.78414
            ],
            [
              -118.116416,
              33.784089
            ],
            [
              -118.115651,
              33.783703
            ],
            [
              -118.11561,
              33.783753
            ],
            [
              -118.115579,
              33.783736
            ],
            [
              -118.115553,
              33.783778
            ],
            [
              -118.115469,
              33.783733
            ],
            [
              -118.115364,
              33.783876
            ],
            [
              -118.115446,
              33.78392
            ],
            [
              -118.115422,
              33.783955
            ],
            [
              -118.115456,
              33.783973
            ],
            [
              -118.115421,
              33.784022
            ],
            [
              -118.116188,
              33.784412
            ]
          ]
        ],
        "type": "Polygon"
      },
      "id": "4540db5a9db1ea80c51ad042fae7d96d"
    },
    {
      "type": "Feature",
      "properties": {
        "name": "Parkside Service Center",
        "feature_type": "building"
      },
      "geometry": {
        "coordinates": [
          [
            [
              -118.120096,
              33.787066
            ],
            [
              -118.120099,
              33.787037
            ],
            [
              -118.120015,
              33.787034
            ],
            [
              -118.120016,
              33.787011
            ],
            [
              -118.120008,
              33.787011
            ],
            [
              -118.12001,
              33.786989
            ],
            [
              -118.120102,
              33.786992
            ],
            [
              -118.120103,
              33.786977
            ],
            [
              -118.120121,
              33.786976
            ],
            [
              -118.120126,
              33.78686
            ],
            [
              -118.120107,
              33.786857
            ],
            [
              -118.120107,
              33.786846
            ],
            [
              -118.120018,
              33.786845
            ],
            [
              -118.12002,
              33.786828
            ],
            [
              -118.120229,
              33.786829
            ],
            [
              -118.120226,
              33.786802
            ],
            [
              -118.120016,
              33.786795
            ],
            [
              -118.120017,
              33.786763
            ],
            [
              -118.119914,
              33.786759
            ],
            [
              -118.119916,
              33.786852
            ],
            [
              -118.119889,
              33.786848
            ],
            [
              -118.119888,
              33.786857
            ],
            [
              -118.119875,
              33.78686
            ],
            [
              -118.119872,
              33.786974
            ],
            [
              -118.119887,
              33.786975
            ],
            [
              -118.119889,
              33.786987
            ],
            [
              -118.11992,
              33.786989
            ],
            [
              -118.119922,
              33.787075
            ],
            [
              -118.120012,
              33.787076
            ],
            [
              -118.120011,
              33.787068
            ],
            [
              -118.120029,
              33.787067
            ],
            [
              -118.12003,
              33.787075
            ],
            [
              -118.120086,
              33.787077
            ],
            [
              -118.120086,
              33.787067
            ],
            [
              -118.120096,
              33.787066
            ]
          ]
        ],
        "type": "Polygon"
      },
      "id": "45c355d1a493dcf85531f7a901e5b562"
    },
    {
      "type": "Feature",
      "properties": {
        "name": "Hillside F",
        "feature_type": "building"
      },
      "geometry": {
        "coordinates": [
          [
            [
              -118.119526,
              33.784172
            ],
            [
              -118.119442,
              33.784133
            ],
            [
              -118.119429,
              33.78415
            ],
            [
              -118.119397,
              33.784138
            ],
            [
              -118.119413,
              33.784116
            ],
            [
              -118.11936,
              33.784092
            ],
            [
              -118.119355,
              33.784103
            ],
            [
              -118.119333,
              33.784095
            ],
            [
              -118.119288,
              33.784158
            ],
            [
              -118.11926,
              33.784145
            ],
            [
              -118.119286,
              33.784111
            ],
            [
              -118.119214,
              33.784073
            ],
            [
              -118.119155,
              33.784161
            ],
            [
              -118.119224,
              33.784193
            ],
            [
              -118.11925,
              33.784163
            ],
            [
              -118.119274,
              33.784176
            ],
            [
              -118.119227,
              33.784244
            ],
            [
              -118.11925,
              33.784253
            ],
            [
              -118.119243,
              33.784265
            ],
            [
              -118.119296,
              33.784289
            ],
            [
              -118.119306,
              33.78427
            ],
            [
              -118.11933,
              33.78428
            ],
            [
              -118.119313,
              33.784296
            ],
            [
              -118.119374,
              33.784326
            ],
            [
              -118.119379,
              33.78432
            ],
            [
              -118.119409,
              33.784338
            ],
            [
              -118.119443,
              33.784289
            ],
            [
              -118.119433,
              33.784285
            ],
            [
              -118.11945,
              33.784263
            ],
            [
              -118.119499,
              33.784289
            ],
            [
              -118.119514,
              33.784268
            ],
            [
              -118.119465,
              33.784242
            ],
            [
              -118.119478,
              33.784222
            ],
            [
              -118.119483,
              33.784223
            ],
            [
              -118.11949,
              33.784222
            ],
            [
              -118.119526,
              33.784172
            ]
          ]
        ],
        "type": "Polygon"
      },
      "id": "46725ac96625edfae43151af94be4adb"
    },
    {
      "type": "Feature",
      "properties": {
        "name": "Hillside D",
        "feature_type": "building"
      },
      "geometry": {
        "coordinates": [
          [
            [
              -118.119901,
              33.783734
            ],
            [
              -118.119899,
              33.78373
            ],
            [
              -118.119896,
              33.783729
            ],
            [
              -118.119897,
              33.783725
            ],
            [
              -118.119911,
              33.783707
            ],
            [
              -118.119909,
              33.783702
            ],
            [
              -118.119885,
              33.783691
            ],
            [
              -118.119856,
              33.783677
            ],
            [
              -118.119852,
              33.783678
            ],
            [
              -118.119851,
              33.783681
            ],
            [
              -118.119848,
              33.783683
            ],
            [
              -118.119825,
              33.783669
            ],
            [
              -118.119862,
              33.783615
            ],
            [
              -118.11986,
              33.783609
            ],
            [
              -118.119838,
              33.783599
            ],
            [
              -118.119833,
              33.783601
            ],
            [
              -118.119796,
              33.783655
            ],
            [
              -118.11979,
              33.783656
            ],
            [
              -118.119773,
              33.783648
            ],
            [
              -118.119775,
              33.783637
            ],
            [
              -118.119724,
              33.783613
            ],
            [
              -118.119718,
              33.783613
            ],
            [
              -118.119702,
              33.783636
            ],
            [
              -118.119698,
              33.783634
            ],
            [
              -118.119672,
              33.783671
            ],
            [
              -118.119674,
              33.783676
            ],
            [
              -118.119689,
              33.783683
            ],
            [
              -118.119691,
              33.783688
            ],
            [
              -118.119677,
              33.783709
            ],
            [
              -118.119671,
              33.78371
            ],
            [
              -118.119655,
              33.783702
            ],
            [
              -118.119648,
              33.783703
            ],
            [
              -118.119623,
              33.783741
            ],
            [
              -118.119632,
              33.783746
            ],
            [
              -118.11963,
              33.78375
            ],
            [
              -118.11962,
              33.783762
            ],
            [
              -118.119622,
              33.783767
            ],
            [
              -118.119704,
              33.783805
            ],
            [
              -118.119686,
              33.783827
            ],
            [
              -118.119632,
              33.783802
            ],
            [
              -118.119619,
              33.783825
            ],
            [
              -118.119614,
              33.783823
            ],
            [
              -118.119605,
              33.783838
            ],
            [
              -118.119609,
              33.783839
            ],
            [
              -118.119593,
              33.783862
            ],
            [
              -118.119648,
              33.783889
            ],
            [
              -118.11963,
              33.783912
            ],
            [
              -118.119552,
              33.783874
            ],
            [
              -118.11954,
              33.783893
            ],
            [
              -118.119525,
              33.783886
            ],
            [
              -118.119497,
              33.783926
            ],
            [
              -118.11952,
              33.783938
            ],
            [
              -118.119501,
              33.783961
            ],
            [
              -118.11948,
              33.783951
            ],
            [
              -118.119476,
              33.783952
            ],
            [
              -118.119449,
              33.78399
            ],
            [
              -118.119456,
              33.783994
            ],
            [
              -118.119438,
              33.784019
            ],
            [
              -118.119496,
              33.784047
            ],
            [
              -118.119501,
              33.78404
            ],
            [
              -118.119523,
              33.784053
            ],
            [
              -118.119499,
              33.784089
            ],
            [
              -118.1195,
              33.784094
            ],
            [
              -118.119522,
              33.784105
            ],
            [
              -118.119528,
              33.784103
            ],
            [
              -118.119551,
              33.784065
            ],
            [
              -118.119572,
              33.784074
            ],
            [
              -118.119575,
              33.784078
            ],
            [
              -118.119572,
              33.784082
            ],
            [
              -118.119575,
              33.784087
            ],
            [
              -118.119626,
              33.784111
            ],
            [
              -118.119632,
              33.784108
            ],
            [
              -118.119646,
              33.784087
            ],
            [
              -118.119651,
              33.784091
            ],
            [
              -118.119656,
              33.784089
            ],
            [
              -118.119681,
              33.784052
            ],
            [
              -118.119678,
              33.784046
            ],
            [
              -118.119662,
              33.784039
            ],
            [
              -118.119661,
              33.784034
            ],
            [
              -118.119676,
              33.784013
            ],
            [
              -118.119698,
              33.784022
            ],
            [
              -118.119704,
              33.784021
            ],
            [
              -118.119728,
              33.783985
            ],
            [
              -118.119726,
              33.783979
            ],
            [
              -118.119719,
              33.783976
            ],
            [
              -118.119718,
              33.783972
            ],
            [
              -118.119722,
              33.783966
            ],
            [
              -118.119725,
              33.783961
            ],
            [
              -118.119724,
              33.783955
            ],
            [
              -118.119654,
              33.783921
            ],
            [
              -118.119653,
              33.783916
            ],
            [
              -118.119667,
              33.783898
            ],
            [
              -118.11973,
              33.783926
            ],
            [
              -118.119735,
              33.783923
            ],
            [
              -118.11977,
              33.78387
            ],
            [
              -118.119768,
              33.783865
            ],
            [
              -118.119715,
              33.783841
            ],
            [
              -118.119714,
              33.783834
            ],
            [
              -118.119727,
              33.783818
            ],
            [
              -118.119798,
              33.78385
            ],
            [
              -118.119804,
              33.783846
            ],
            [
              -118.119812,
              33.783834
            ],
            [
              -118.119825,
              33.783838
            ],
            [
              -118.119831,
              33.783836
            ],
            [
              -118.119853,
              33.783802
            ],
            [
              -118.119851,
              33.783797
            ],
            [
              -118.119833,
              33.783789
            ],
            [
              -118.119832,
              33.783784
            ],
            [
              -118.119846,
              33.783763
            ],
            [
              -118.119852,
              33.783762
            ],
            [
              -118.119871,
              33.783772
            ],
            [
              -118.119876,
              33.78377
            ],
            [
              -118.119901,
              33.783734
            ]
          ]
        ],
        "type": "Polygon"
      },
      "id": "46e663a379784deead379d5fcddd5d7c"
    },
    {
      "type": "Feature",
      "properties": {
        "name": "Isabel Paterson Child Development Center",
        "feature_type": "resource"
      },
      "geometry": {
        "coordinates": [
          -118.11429,
          33.787677
        ],
        "type": "Point"
      },
      "id": "4720cad588bd9880ebd27bc68bef023d"
    },
    {
      "type": "Feature",
      "properties": {
        "name": "Multi-Media Center",
        "abbrev": "MMC",
        "feature_type": "building"
      },
      "geometry": {
        "coordinates": [
          [
            [
              -118.114638,
              33.776881
            ],
            [
              -118.114685,
              33.776736
            ],
            [
              -118.114712,
              33.776744
            ],
            [
              -118.114716,
              33.77671
            ],
            [
              -118.114689,
              33.776703
            ],
            [
              -118.114689,
              33.776712
            ],
            [
              -118.114536,
              33.776677
            ],
            [
              -118.114539,
              33.776666
            ],
            [
              -118.114512,
              33.776663
            ],
            [
              -118.114502,
              33.7767
            ],
            [
              -118.114523,
              33.776708
            ],
            [
              -118.114482,
              33.776846
            ],
            [
              -118.114638,
              33.776881
            ]
          ]
        ],
        "type": "Polygon"
      },
      "id": "4776959677e5d204bb5cb7e6b6b2d898"
    },
    {
      "type": "Feature",
      "properties": {
        "name": "Graduate Student Success Center",
        "feature_type": "resource"
      },
      "geometry": {
        "coordinates": [
          -118.110318,
          33.782957
        ],
        "type": "Point"
      },
      "id": "48e49043c5b351eb29c0a17277247192"
    },
    {
      "type": "Feature",
      "properties": {
        "abbrev": "CP",
        "feature_type": "building",
        "name": "Central Plant"
      },
      "geometry": {
        "coordinates": [
          [
            [
              -118.112515,
              33.7818
            ],
            [
              -118.112201,
              33.781734
            ],
            [
              -118.112241,
              33.781601
            ],
            [
              -118.112108,
              33.781571
            ],
            [
              -118.112157,
              33.781432
            ],
            [
              -118.112195,
              33.781435
            ],
            [
              -118.1123,
              33.781122
            ],
            [
              -118.112422,
              33.781149
            ],
            [
              -118.112407,
              33.781196
            ],
            [
              -118.112534,
              33.781221
            ],
            [
              -118.112462,
              33.781437
            ],
            [
              -118.112597,
              33.781465
            ],
            [
              -118.11254,
              33.781641
            ],
            [
              -118.112571,
              33.781647
            ],
            [
              -118.112515,
              33.7818
            ]
          ]
        ],
        "type": "Polygon"
      },
      "id": "49e544f54ca9e4bfadee746f838db795"
    },
    {
      "type": "Feature",
      "properties": {
        "name": "Library",
        "abbrev": "LIB",
        "feature_type": "building"
      },
      "geometry": {
        "coordinates": [
          [
            [
              -118.115129,
              33.777001
            ],
            [
              -118.114476,
              33.776845
            ],
            [
              -118.114408,
              33.777049
            ],
            [
              -118.114418,
              33.777056
            ],
            [
              -118.114365,
              33.777243
            ],
            [
              -118.114476,
              33.777268
            ],
            [
              -118.114457,
              33.777328
            ],
            [
              -118.114521,
              33.777343
            ],
            [
              -118.114494,
              33.777415
            ],
            [
              -118.114966,
              33.777515
            ],
            [
              -118.114984,
              33.777449
            ],
            [
              -118.115042,
              33.777465
            ],
            [
              -118.115066,
              33.777395
            ],
            [
              -118.115082,
              33.777397
            ],
            [
              -118.115148,
              33.777215
            ],
            [
              -118.115129,
              33.777207
            ],
            [
              -118.115151,
              33.777135
            ],
            [
              -118.115083,
              33.777118
            ],
            [
              -118.115129,
              33.777001
            ]
          ]
        ],
        "type": "Polygon"
      },
      "id": "4a724cc41fb64244453343f9089a30db"
    },
    {
      "type": "Feature",
      "properties": {
        "name": "Parkside J",
        "feature_type": "building"
      },
      "geometry": {
        "coordinates": [
          [
            [
              -118.119883,
              33.786694
            ],
            [
              -118.119881,
              33.786659
            ],
            [
              -118.119893,
              33.786658
            ],
            [
              -118.119893,
              33.786612
            ],
            [
              -118.119871,
              33.786611
            ],
            [
              -118.119868,
              33.786581
            ],
            [
              -118.119896,
              33.786579
            ],
            [
              -118.119892,
              33.786539
            ],
            [
              -118.119878,
              33.786538
            ],
            [
              -118.11988,
              33.786509
            ],
            [
              -118.119814,
              33.786506
            ],
            [
              -118.119814,
              33.786519
            ],
            [
              -118.119782,
              33.786517
            ],
            [
              -118.119784,
              33.786489
            ],
            [
              -118.119856,
              33.786492
            ],
            [
              -118.119856,
              33.786418
            ],
            [
              -118.119782,
              33.786419
            ],
            [
              -118.119784,
              33.786395
            ],
            [
              -118.119819,
              33.786396
            ],
            [
              -118.119815,
              33.786406
            ],
            [
              -118.119883,
              33.786403
            ],
            [
              -118.119882,
              33.786372
            ],
            [
              -118.119895,
              33.786373
            ],
            [
              -118.119897,
              33.786328
            ],
            [
              -118.119863,
              33.786324
            ],
            [
              -118.119867,
              33.786299
            ],
            [
              -118.119892,
              33.786296
            ],
            [
              -118.119896,
              33.78625
            ],
            [
              -118.119881,
              33.78625
            ],
            [
              -118.119883,
              33.786219
            ],
            [
              -118.119814,
              33.786219
            ],
            [
              -118.119816,
              33.786235
            ],
            [
              -118.119729,
              33.786232
            ],
            [
              -118.119729,
              33.786223
            ],
            [
              -118.119658,
              33.786221
            ],
            [
              -118.11966,
              33.786248
            ],
            [
              -118.119649,
              33.786249
            ],
            [
              -118.119649,
              33.786299
            ],
            [
              -118.119674,
              33.786299
            ],
            [
              -118.11967,
              33.786327
            ],
            [
              -118.119655,
              33.786328
            ],
            [
              -118.119654,
              33.786371
            ],
            [
              -118.119665,
              33.786373
            ],
            [
              -118.119664,
              33.786403
            ],
            [
              -118.119725,
              33.786405
            ],
            [
              -118.119725,
              33.786396
            ],
            [
              -118.11976,
              33.786396
            ],
            [
              -118.119759,
              33.786407
            ],
            [
              -118.119734,
              33.786407
            ],
            [
              -118.119734,
              33.786419
            ],
            [
              -118.119685,
              33.786419
            ],
            [
              -118.119684,
              33.78649
            ],
            [
              -118.119755,
              33.786492
            ],
            [
              -118.119754,
              33.786521
            ],
            [
              -118.119724,
              33.78652
            ],
            [
              -118.119724,
              33.786502
            ],
            [
              -118.119662,
              33.786499
            ],
            [
              -118.119663,
              33.786536
            ],
            [
              -118.119652,
              33.786536
            ],
            [
              -118.119652,
              33.786584
            ],
            [
              -118.119675,
              33.786584
            ],
            [
              -118.119674,
              33.786612
            ],
            [
              -118.119648,
              33.786612
            ],
            [
              -118.119649,
              33.786656
            ],
            [
              -118.119667,
              33.786657
            ],
            [
              -118.119664,
              33.786691
            ],
            [
              -118.119726,
              33.786692
            ],
            [
              -118.119729,
              33.786679
            ],
            [
              -118.119812,
              33.786679
            ],
            [
              -118.119811,
              33.786693
            ],
            [
              -118.119883,
              33.786694
            ]
          ]
        ],
        "type": "Polygon"
      },
      "id": "4ad2117fde4eb2f7610f7aba3430c96e"
    },
    {
      "type": "Feature",
      "properties": {
        "name": "G12"
      },
      "geometry": {
        "coordinates": [
          [
            [
              -118.111234,
              33.788452
            ],
            [
              -118.111237,
              33.787019
            ],
            [
              -118.109912,
              33.787027
            ],
            [
              -118.109945,
              33.78846
            ],
            [
              -118.111234,
              33.788452
            ]
          ]
        ],
        "type": "Polygon"
      },
      "id": "4ad910b24d4fc3f64e3eaa7275733f29"
    },
    {
      "type": "Feature",
      "properties": {
        "name": "Pyramid Parking Structure",
        "feature_type": "parking"
      },
      "geometry": {
        "coordinates": [
          [
            [
              -118.116122,
              33.786777
            ],
            [
              -118.116122,
              33.78687
            ],
            [
              -118.115408,
              33.786853
            ],
            [
              -118.115408,
              33.786882
            ],
            [
              -118.115288,
              33.786882
            ],
            [
              -118.115291,
              33.786745
            ],
            [
              -118.115346,
              33.786745
            ],
            [
              -118.115339,
              33.786234
            ],
            [
              -118.115295,
              33.786228
            ],
            [
              -118.115295,
              33.786146
            ],
            [
              -118.115356,
              33.786149
            ],
            [
              -118.115353,
              33.785606
            ],
            [
              -118.115315,
              33.785601
            ],
            [
              -118.115308,
              33.785487
            ],
            [
              -118.115363,
              33.785484
            ],
            [
              -118.115346,
              33.784865
            ],
            [
              -118.115302,
              33.784865
            ],
            [
              -118.115308,
              33.78472
            ],
            [
              -118.115428,
              33.784734
            ],
            [
              -118.115428,
              33.784777
            ],
            [
              -118.116091,
              33.784768
            ],
            [
              -118.116091,
              33.784734
            ],
            [
              -118.116142,
              33.784743
            ],
            [
              -118.116139,
              33.784845
            ],
            [
              -118.116098,
              33.784845
            ],
            [
              -118.116097,
              33.785484
            ],
            [
              -118.116138,
              33.785484
            ],
            [
              -118.116129,
              33.785566
            ],
            [
              -118.116098,
              33.785568
            ],
            [
              -118.116122,
              33.786777
            ]
          ]
        ],
        "type": "Polygon"
      },
      "id": "4b53d0acebfcfed620dd4831ad31ef23"
    },
    {
      "type": "Feature",
      "properties": {
        "name": "College of Professional and Continuing Education",
        "feature_type": "building",
        "abbrev": "CPaCE"
      },
      "geometry": {
        "coordinates": [
          [
            [
              -118.111338,
              33.782188
            ],
            [
              -118.11113,
              33.782185
            ],
            [
              -118.111122,
              33.781775
            ],
            [
              -118.111623,
              33.78177
            ],
            [
              -118.111632,
              33.781859
            ],
            [
              -118.111338,
              33.781867
            ],
            [
              -118.111338,
              33.782188
            ]
          ]
        ],
        "type": "Polygon"
      },
      "id": "4b8342dfe1db384ad1a37646805f7946"
    },
    {
      "type": "Feature",
      "properties": {
        "name": "Ukleja Center for Ethical Leadership",
        "feature_type": "resource"
      },
      "geometry": {
        "coordinates": [
          -118.116211,
          33.784122
        ],
        "type": "Point"
      },
      "id": "4c13c756cdb4d869b43eddf546d9a04e"
    },
    {
      "type": "Feature",
      "properties": {
        "name": "Infant & Toddler Program",
        "feature_type": "resource"
      },
      "geometry": {
        "coordinates": [
          -118.120516,
          33.788312
        ],
        "type": "Point"
      },
      "id": "4f33fd2748ffc161e8fab0af4861f654"
    },
    {
      "type": "Feature",
      "properties": {
        "name": "Beach Hut Convenience Store",
        "feature_type": "resource"
      },
      "geometry": {
        "coordinates": [
          -118.114031,
          33.777222
        ],
        "type": "Point"
      },
      "id": "518178a47cf74cb8965870fa4a17169b"
    },
    {
      "type": "Feature",
      "properties": {
        "name": "Faculty Office 4",
        "abbrev": "FO4",
        "feature_type": "building"
      },
      "geometry": {
        "coordinates": [
          [
            [
              -118.112176,
              33.778351
            ],
            [
              -118.111747,
              33.778251
            ],
            [
              -118.111778,
              33.778135
            ],
            [
              -118.112014,
              33.77819
            ],
            [
              -118.112051,
              33.778082
            ],
            [
              -118.112245,
              33.778128
            ],
            [
              -118.112176,
              33.778351
            ]
          ]
        ],
        "type": "Polygon"
      },
      "id": "52561ccd05ab1f962ef94e6a90e38b05"
    },
    {
      "type": "Feature",
      "properties": {
        "name": "Horn Center",
        "abbrev": "HC",
        "feature_type": "building"
      },
      "geometry": {
        "coordinates": [
          [
            [
              -118.114556,
              33.783356
            ],
            [
              -118.114556,
              33.783515
            ],
            [
              -118.114508,
              33.783512
            ],
            [
              -118.11451,
              33.783701
            ],
            [
              -118.114241,
              33.783699
            ],
            [
              -118.114237,
              33.783538
            ],
            [
              -118.113981,
              33.783539
            ],
            [
              -118.113985,
              33.783631
            ],
            [
              -118.113926,
              33.783632
            ],
            [
              -118.113928,
              33.783664
            ],
            [
              -118.113765,
              33.783667
            ],
            [
              -118.113765,
              33.783634
            ],
            [
              -118.113688,
              33.783632
            ],
            [
              -118.113684,
              33.783475
            ],
            [
              -118.1137,
              33.783476
            ],
            [
              -118.113702,
              33.783392
            ],
            [
              -118.113658,
              33.783391
            ],
            [
              -118.11366,
              33.783323
            ],
            [
              -118.11364,
              33.783322
            ],
            [
              -118.113637,
              33.783281
            ],
            [
              -118.11366,
              33.783278
            ],
            [
              -118.113658,
              33.783235
            ],
            [
              -118.113637,
              33.783234
            ],
            [
              -118.113637,
              33.783147
            ],
            [
              -118.113659,
              33.783147
            ],
            [
              -118.113659,
              33.783103
            ],
            [
              -118.113637,
              33.783102
            ],
            [
              -118.113635,
              33.783059
            ],
            [
              -118.11366,
              33.783059
            ],
            [
              -118.113661,
              33.782988
            ],
            [
              -118.113797,
              33.782988
            ],
            [
              -118.113795,
              33.782971
            ],
            [
              -118.11385,
              33.78297
            ],
            [
              -118.113851,
              33.782992
            ],
            [
              -118.113988,
              33.782992
            ],
            [
              -118.113986,
              33.783058
            ],
            [
              -118.114007,
              33.783061
            ],
            [
              -118.114007,
              33.783104
            ],
            [
              -118.113982,
              33.783104
            ],
            [
              -118.113986,
              33.783145
            ],
            [
              -118.114008,
              33.783145
            ],
            [
              -118.114006,
              33.783237
            ],
            [
              -118.113981,
              33.783236
            ],
            [
              -118.113986,
              33.783277
            ],
            [
              -118.114008,
              33.783278
            ],
            [
              -118.114007,
              33.783323
            ],
            [
              -118.113983,
              33.783323
            ],
            [
              -118.113984,
              33.783329
            ],
            [
              -118.114239,
              33.783329
            ],
            [
              -118.11424,
              33.783168
            ],
            [
              -118.114297,
              33.783167
            ],
            [
              -118.114297,
              33.783148
            ],
            [
              -118.114351,
              33.783148
            ],
            [
              -118.114348,
              33.783166
            ],
            [
              -118.114402,
              33.783165
            ],
            [
              -118.114402,
              33.783147
            ],
            [
              -118.114456,
              33.783147
            ],
            [
              -118.114453,
              33.783168
            ],
            [
              -118.114507,
              33.783166
            ],
            [
              -118.114508,
              33.783354
            ],
            [
              -118.114556,
              33.783356
            ]
          ]
        ],
        "type": "Polygon"
      },
      "id": "52814112290a8e73ec9430e760814cff"
    },
    {
      "type": "Feature",
      "properties": {
        "name": "G14"
      },
      "geometry": {
        "coordinates": [
          [
            [
              -118.108918,
              33.786559
            ],
            [
              -118.108866,
              33.786563
            ],
            [
              -118.108868,
              33.786598
            ],
            [
              -118.1083,
              33.786598
            ],
            [
              -118.108295,
              33.786557
            ],
            [
              -118.108237,
              33.786559
            ],
            [
              -118.108235,
              33.785678
            ],
            [
              -118.108286,
              33.785681
            ],
            [
              -118.108286,
              33.785635
            ],
            [
              -118.108742,
              33.785628
            ],
            [
              -118.108747,
              33.785679
            ],
            [
              -118.108923,
              33.785629
            ],
            [
              -118.108918,
              33.786559
            ]
          ]
        ],
        "type": "Polygon"
      },
      "id": "53be3c308191d70aff8766d58a70d5b4"
    },
    {
      "type": "Feature",
      "properties": {
        "name": "Academic Services",
        "abbrev": "AS",
        "feature_type": "building"
      },
      "geometry": {
        "coordinates": [
          [
            [
              -118.114319,
              33.777321
            ],
            [
              -118.114336,
              33.777256
            ],
            [
              -118.114358,
              33.777261
            ],
            [
              -118.114415,
              33.777059
            ],
            [
              -118.114402,
              33.777053
            ],
            [
              -118.114436,
              33.776948
            ],
            [
              -118.114289,
              33.776917
            ],
            [
              -118.114374,
              33.776681
            ],
            [
              -118.113752,
              33.776541
            ],
            [
              -118.113673,
              33.77679
            ],
            [
              -118.113831,
              33.776831
            ],
            [
              -118.113718,
              33.777192
            ],
            [
              -118.113863,
              33.77723
            ],
            [
              -118.11385,
              33.777281
            ],
            [
              -118.113886,
              33.777291
            ],
            [
              -118.11389,
              33.77728
            ],
            [
              -118.113937,
              33.777292
            ],
            [
              -118.11395,
              33.777236
            ],
            [
              -118.114319,
              33.777321
            ]
          ]
        ],
        "type": "Polygon"
      },
      "id": "53ffcd7dd7ae1628874cb4359d2609e4"
    },
    {
      "type": "Feature",
      "properties": {
        "name": "Writing and Communication Resource Center",
        "feature_type": "resource"
      },
      "geometry": {
        "coordinates": [
          -118.110314,
          33.782906
        ],
        "type": "Point"
      },
      "id": "544581de455d98d5d2234b3b325aaa32"
    },
    {
      "type": "Feature",
      "properties": {
        "abbrev": "CDC",
        "feature_type": "building",
        "name": "Child Development Center"
      },
      "geometry": {
        "coordinates": [
          [
            [
              -118.120696,
              33.788274
            ],
            [
              -118.120577,
              33.788374
            ],
            [
              -118.120556,
              33.788354
            ],
            [
              -118.120491,
              33.788405
            ],
            [
              -118.120289,
              33.788235
            ],
            [
              -118.120361,
              33.788171
            ],
            [
              -118.120323,
              33.788137
            ],
            [
              -118.120391,
              33.788082
            ],
            [
              -118.120431,
              33.788111
            ],
            [
              -118.120491,
              33.788066
            ],
            [
              -118.120564,
              33.78813
            ],
            [
              -118.120592,
              33.788119
            ],
            [
              -118.120618,
              33.788127
            ],
            [
              -118.120618,
              33.788171
            ],
            [
              -118.120695,
              33.788233
            ],
            [
              -118.120668,
              33.788251
            ],
            [
              -118.120696,
              33.788274
            ]
          ]
        ],
        "type": "Polygon"
      },
      "id": "56bc51931907d08d28c6052dc080fedc"
    },
    {
      "type": "Feature",
      "properties": {
        "name": "Carpenter Performing Arts Center",
        "abbrev": "CPAC",
        "feature_type": "building"
      },
      "geometry": {
        "coordinates": [
          [
            [
              -118.112001,
              33.788416
            ],
            [
              -118.111895,
              33.788471
            ],
            [
              -118.111826,
              33.788488
            ],
            [
              -118.111774,
              33.788493
            ],
            [
              -118.111719,
              33.788496
            ],
            [
              -118.111652,
              33.788439
            ],
            [
              -118.111593,
              33.788363
            ],
            [
              -118.111541,
              33.788261
            ],
            [
              -118.111524,
              33.788202
            ],
            [
              -118.111458,
              33.788203
            ],
            [
              -118.111458,
              33.788148
            ],
            [
              -118.111466,
              33.78808
            ],
            [
              -118.111474,
              33.78802
            ],
            [
              -118.111494,
              33.787959
            ],
            [
              -118.111484,
              33.78796
            ],
            [
              -118.111479,
              33.787956
            ],
            [
              -118.111482,
              33.78794
            ],
            [
              -118.111464,
              33.787932
            ],
            [
              -118.111461,
              33.787929
            ],
            [
              -118.111475,
              33.787911
            ],
            [
              -118.111495,
              33.787893
            ],
            [
              -118.111515,
              33.787904
            ],
            [
              -118.111522,
              33.787923
            ],
            [
              -118.111529,
              33.787917
            ],
            [
              -118.11154,
              33.787907
            ],
            [
              -118.111553,
              33.787899
            ],
            [
              -118.111574,
              33.7879
            ],
            [
              -118.111604,
              33.787906
            ],
            [
              -118.111625,
              33.7879
            ],
            [
              -118.111668,
              33.787899
            ],
            [
              -118.11171,
              33.787892
            ],
            [
              -118.111733,
              33.787897
            ],
            [
              -118.111813,
              33.787937
            ],
            [
              -118.111835,
              33.787945
            ],
            [
              -118.111882,
              33.787945
            ],
            [
              -118.111912,
              33.787954
            ],
            [
              -118.111943,
              33.787955
            ],
            [
              -118.111994,
              33.787944
            ],
            [
              -118.112011,
              33.787944
            ],
            [
              -118.112044,
              33.787949
            ],
            [
              -118.112086,
              33.787967
            ],
            [
              -118.112111,
              33.787971
            ],
            [
              -118.112187,
              33.787974
            ],
            [
              -118.112227,
              33.787971
            ],
            [
              -118.112266,
              33.787968
            ],
            [
              -118.11229,
              33.787962
            ],
            [
              -118.112336,
              33.787966
            ],
            [
              -118.112363,
              33.78798
            ],
            [
              -118.112393,
              33.788013
            ],
            [
              -118.112395,
              33.788032
            ],
            [
              -118.112433,
              33.788081
            ],
            [
              -118.112481,
              33.788119
            ],
            [
              -118.112486,
              33.788139
            ],
            [
              -118.112472,
              33.78819
            ],
            [
              -118.11246,
              33.788209
            ],
            [
              -118.112445,
              33.788222
            ],
            [
              -118.112433,
              33.78821
            ],
            [
              -118.112441,
              33.788233
            ],
            [
              -118.112517,
              33.788226
            ],
            [
              -118.112566,
              33.788222
            ],
            [
              -118.112568,
              33.788049
            ],
            [
              -118.112731,
              33.788055
            ],
            [
              -118.11274,
              33.788175
            ],
            [
              -118.1126,
              33.788175
            ],
            [
              -118.112602,
              33.788224
            ],
            [
              -118.112625,
              33.78822
            ],
            [
              -118.112768,
              33.788221
            ],
            [
              -118.112934,
              33.788235
            ],
            [
              -118.112932,
              33.78825
            ],
            [
              -118.112943,
              33.788251
            ],
            [
              -118.112935,
              33.788292
            ],
            [
              -118.112869,
              33.788292
            ],
            [
              -118.112867,
              33.788464
            ],
            [
              -118.112835,
              33.788463
            ],
            [
              -118.112835,
              33.788487
            ],
            [
              -118.112678,
              33.788483
            ],
            [
              -118.112675,
              33.788495
            ],
            [
              -118.112499,
              33.788492
            ],
            [
              -118.112498,
              33.788478
            ],
            [
              -118.112308,
              33.788474
            ],
            [
              -118.112308,
              33.788363
            ],
            [
              -118.112239,
              33.788361
            ],
            [
              -118.112237,
              33.78843
            ],
            [
              -118.112229,
              33.788432
            ],
            [
              -118.112225,
              33.788496
            ],
            [
              -118.112141,
              33.788496
            ],
            [
              -118.112142,
              33.788463
            ],
            [
              -118.112122,
              33.788466
            ],
            [
              -118.11212,
              33.78851
            ],
            [
              -118.111998,
              33.788508
            ],
            [
              -118.112001,
              33.788416
            ]
          ]
        ],
        "type": "Polygon"
      },
      "id": "5a202f3901816dba516fce20be40ae43"
    },
    {
      "type": "Feature",
      "properties": {
        "name": "Hillside A",
        "feature_type": "building"
      },
      "geometry": {
        "coordinates": [
          [
            [
              -118.120541,
              33.782834
            ],
            [
              -118.120533,
              33.782829
            ],
            [
              -118.120554,
              33.782805
            ],
            [
              -118.120501,
              33.782775
            ],
            [
              -118.120491,
              33.782784
            ],
            [
              -118.120462,
              33.782769
            ],
            [
              -118.120491,
              33.782732
            ],
            [
              -118.120469,
              33.782719
            ],
            [
              -118.12044,
              33.782757
            ],
            [
              -118.120415,
              33.782744
            ],
            [
              -118.120419,
              33.782738
            ],
            [
              -118.120362,
              33.782709
            ],
            [
              -118.120344,
              33.782739
            ],
            [
              -118.120338,
              33.782735
            ],
            [
              -118.120312,
              33.782772
            ],
            [
              -118.120336,
              33.782786
            ],
            [
              -118.120317,
              33.782815
            ],
            [
              -118.120294,
              33.782801
            ],
            [
              -118.120266,
              33.782841
            ],
            [
              -118.12028,
              33.782848
            ],
            [
              -118.120266,
              33.782863
            ],
            [
              -118.120342,
              33.782902
            ],
            [
              -118.120327,
              33.782923
            ],
            [
              -118.120277,
              33.782899
            ],
            [
              -118.120235,
              33.782958
            ],
            [
              -118.120288,
              33.782981
            ],
            [
              -118.12027,
              33.783008
            ],
            [
              -118.120192,
              33.782968
            ],
            [
              -118.120178,
              33.782989
            ],
            [
              -118.120168,
              33.782983
            ],
            [
              -118.120139,
              33.783022
            ],
            [
              -118.120163,
              33.783034
            ],
            [
              -118.120144,
              33.783061
            ],
            [
              -118.120119,
              33.783045
            ],
            [
              -118.120091,
              33.783087
            ],
            [
              -118.120102,
              33.783091
            ],
            [
              -118.12008,
              33.783114
            ],
            [
              -118.120138,
              33.783146
            ],
            [
              -118.120143,
              33.783135
            ],
            [
              -118.120168,
              33.783151
            ],
            [
              -118.120142,
              33.783188
            ],
            [
              -118.120163,
              33.783199
            ],
            [
              -118.120191,
              33.78316
            ],
            [
              -118.120222,
              33.783175
            ],
            [
              -118.120216,
              33.783181
            ],
            [
              -118.120272,
              33.783209
            ],
            [
              -118.12029,
              33.783184
            ],
            [
              -118.120296,
              33.783187
            ],
            [
              -118.120325,
              33.783149
            ],
            [
              -118.1203,
              33.783133
            ],
            [
              -118.120315,
              33.783109
            ],
            [
              -118.120345,
              33.78312
            ],
            [
              -118.12037,
              33.783079
            ],
            [
              -118.120354,
              33.783069
            ],
            [
              -118.120366,
              33.783051
            ],
            [
              -118.120291,
              33.783017
            ],
            [
              -118.120305,
              33.78299
            ],
            [
              -118.120375,
              33.783026
            ],
            [
              -118.120416,
              33.78297
            ],
            [
              -118.120352,
              33.782935
            ],
            [
              -118.120364,
              33.782911
            ],
            [
              -118.120442,
              33.78295
            ],
            [
              -118.120455,
              33.782931
            ],
            [
              -118.120469,
              33.782938
            ],
            [
              -118.120541,
              33.782834
            ]
          ]
        ],
        "type": "Polygon"
      },
      "id": "5abf3cc366d748209b09cdd52dff45fd"
    },
    {
      "type": "Feature",
      "properties": {
        "name": "Hillside B",
        "feature_type": "building"
      },
      "geometry": {
        "coordinates": [
          [
            [
              -118.120177,
              33.782431
            ],
            [
              -118.12015,
              33.782466
            ],
            [
              -118.120122,
              33.782449
            ],
            [
              -118.12009,
              33.782492
            ],
            [
              -118.120122,
              33.782504
            ],
            [
              -118.120101,
              33.782533
            ],
            [
              -118.120089,
              33.782525
            ],
            [
              -118.120074,
              33.782545
            ],
            [
              -118.12,
              33.782507
            ],
            [
              -118.11998,
              33.782528
            ],
            [
              -118.120036,
              33.782557
            ],
            [
              -118.119992,
              33.782613
            ],
            [
              -118.119942,
              33.782588
            ],
            [
              -118.119924,
              33.782609
            ],
            [
              -118.12,
              33.782649
            ],
            [
              -118.119995,
              33.782657
            ],
            [
              -118.11999,
              33.782664
            ],
            [
              -118.120004,
              33.782674
            ],
            [
              -118.119975,
              33.782712
            ],
            [
              -118.11995,
              33.782701
            ],
            [
              -118.119933,
              33.782728
            ],
            [
              -118.119959,
              33.782743
            ],
            [
              -118.119931,
              33.78278
            ],
            [
              -118.119922,
              33.782776
            ],
            [
              -118.119904,
              33.782801
            ],
            [
              -118.119847,
              33.782776
            ],
            [
              -118.119854,
              33.782769
            ],
            [
              -118.119825,
              33.782753
            ],
            [
              -118.119798,
              33.782795
            ],
            [
              -118.119773,
              33.782782
            ],
            [
              -118.119799,
              33.782747
            ],
            [
              -118.119773,
              33.782728
            ],
            [
              -118.119771,
              33.782737
            ],
            [
              -118.119708,
              33.782702
            ],
            [
              -118.119754,
              33.78264
            ],
            [
              -118.119776,
              33.782651
            ],
            [
              -118.119797,
              33.782627
            ],
            [
              -118.119773,
              33.782614
            ],
            [
              -118.119801,
              33.782572
            ],
            [
              -118.119813,
              33.782579
            ],
            [
              -118.119826,
              33.782564
            ],
            [
              -118.119902,
              33.7826
            ],
            [
              -118.119919,
              33.782581
            ],
            [
              -118.119852,
              33.782544
            ],
            [
              -118.119899,
              33.782484
            ],
            [
              -118.119962,
              33.782517
            ],
            [
              -118.11998,
              33.782495
            ],
            [
              -118.119896,
              33.782456
            ],
            [
              -118.119915,
              33.782442
            ],
            [
              -118.119887,
              33.78243
            ],
            [
              -118.119927,
              33.782388
            ],
            [
              -118.119948,
              33.782406
            ],
            [
              -118.119969,
              33.782381
            ],
            [
              -118.119939,
              33.782366
            ],
            [
              -118.11999,
              33.782303
            ],
            [
              -118.120056,
              33.782332
            ],
            [
              -118.120048,
              33.78234
            ],
            [
              -118.120074,
              33.782351
            ],
            [
              -118.120105,
              33.78231
            ],
            [
              -118.120127,
              33.782323
            ],
            [
              -118.1201,
              33.782365
            ],
            [
              -118.120126,
              33.782378
            ],
            [
              -118.120133,
              33.782372
            ],
            [
              -118.120188,
              33.782399
            ],
            [
              -118.120171,
              33.782422
            ],
            [
              -118.120177,
              33.782431
            ]
          ]
        ],
        "type": "Polygon"
      },
      "id": "5cd0ae27f58a697ef3b628deecf19836"
    },
    {
      "type": "Feature",
      "properties": {
        "name": "Career Development Center",
        "feature_type": "resource"
      },
      "geometry": {
        "coordinates": [
          -118.115334,
          33.782843
        ],
        "type": "Point"
      },
      "id": "5e1186ffd916f68ae393adf09e4e419d"
    },
    {
      "type": "Feature",
      "properties": {
        "name": "Grow Beach",
        "feature_type": "resource"
      },
      "geometry": {
        "coordinates": [
          -118.112379,
          33.781748
        ],
        "type": "Point"
      },
      "id": "5eac0f7d5777767a231d15ffc71224b2"
    },
    {
      "type": "Feature",
      "properties": {
        "name": "Faculty Office 3",
        "abbrev": "FO3",
        "feature_type": "building"
      },
      "geometry": {
        "coordinates": [
          [
            [
              -118.113693,
              33.779445
            ],
            [
              -118.113561,
              33.779416
            ],
            [
              -118.113721,
              33.778901
            ],
            [
              -118.113696,
              33.778892
            ],
            [
              -118.113734,
              33.778798
            ],
            [
              -118.113884,
              33.778831
            ],
            [
              -118.113693,
              33.779445
            ]
          ]
        ],
        "type": "Polygon"
      },
      "id": "5ec48ff9af7b06caaaf77fa2605711bc"
    },
    {
      "type": "Feature",
      "properties": {
        "name": "Blair Field"
      },
      "geometry": {
        "coordinates": [
          [
            [
              -118.137669,
              33.778943
            ],
            [
              -118.139618,
              33.778938
            ],
            [
              -118.139615,
              33.778882
            ],
            [
              -118.139628,
              33.778748
            ],
            [
              -118.1395,
              33.778432
            ],
            [
              -118.13946,
              33.778422
            ],
            [
              -118.139317,
              33.778163
            ],
            [
              -118.139317,
              33.778072
            ],
            [
              -118.139128,
              33.777526
            ],
            [
              -118.139116,
              33.777437
            ],
            [
              -118.138936,
              33.777075
            ],
            [
              -118.13875,
              33.776792
            ],
            [
              -118.138602,
              33.776874
            ],
            [
              -118.13849,
              33.776889
            ],
            [
              -118.138324,
              33.776848
            ],
            [
              -118.138023,
              33.776982
            ],
            [
              -118.137777,
              33.777071
            ],
            [
              -118.137557,
              33.777168
            ],
            [
              -118.137423,
              33.777325
            ],
            [
              -118.137342,
              33.777582
            ],
            [
              -118.137185,
              33.777764
            ],
            [
              -118.137436,
              33.778115
            ],
            [
              -118.137562,
              33.77842
            ],
            [
              -118.137669,
              33.778943
            ]
          ]
        ],
        "type": "Polygon"
      },
      "id": "606cb8635b424e84336e4159f879c631"
    },
    {
      "type": "Feature",
      "properties": {
        "name": "Beachside Dining",
        "feature_type": "building"
      },
      "geometry": {
        "coordinates": [
          [
            [
              -118.135832,
              33.786444
            ],
            [
              -118.135857,
              33.786422
            ],
            [
              -118.135828,
              33.786407
            ],
            [
              -118.135901,
              33.786336
            ],
            [
              -118.135764,
              33.786245
            ],
            [
              -118.135594,
              33.786417
            ],
            [
              -118.135502,
              33.786351
            ],
            [
              -118.135466,
              33.786386
            ],
            [
              -118.135562,
              33.786451
            ],
            [
              -118.135384,
              33.78662
            ],
            [
              -118.1354,
              33.786633
            ],
            [
              -118.135324,
              33.786711
            ],
            [
              -118.1354,
              33.78676
            ],
            [
              -118.135469,
              33.786688
            ],
            [
              -118.135519,
              33.78672
            ],
            [
              -118.135811,
              33.786429
            ],
            [
              -118.135832,
              33.786444
            ]
          ]
        ],
        "type": "Polygon"
      },
      "id": "64552694380a2468df862f725fef670d"
    },
    {
      "type": "Feature",
      "properties": {
        "name": "Lot G2",
        "feature_type": "parking"
      },
      "geometry": {
        "coordinates": [
          [
            [
              -118.120863,
              33.784502
            ],
            [
              -118.121436,
              33.783654
            ],
            [
              -118.120732,
              33.783318
            ],
            [
              -118.120406,
              33.783805
            ],
            [
              -118.120255,
              33.78373
            ],
            [
              -118.120222,
              33.78379
            ],
            [
              -118.120365,
              33.783853
            ],
            [
              -118.120158,
              33.784162
            ],
            [
              -118.120863,
              33.784502
            ]
          ]
        ],
        "type": "Polygon"
      },
      "id": "69cc6b577321ece03e490551644e21d6"
    },
    {
      "type": "Feature",
      "properties": {
        "name": "International Education and Global Engagement",
        "feature_type": "resource"
      },
      "geometry": {
        "coordinates": [
          -118.110483,
          33.781369
        ],
        "type": "Point"
      },
      "id": "6aafdd58720037c32cd2d6f75deab43c"
    },
    {
      "type": "Feature",
      "properties": {
        "name": "Mail Services",
        "abbrev": "MS",
        "feature_type": "building"
      },
      "geometry": {
        "coordinates": [
          [
            [
              -118.1099,
              33.783739
            ],
            [
              -118.109859,
              33.783735
            ],
            [
              -118.10986,
              33.783758
            ],
            [
              -118.1098,
              33.783759
            ],
            [
              -118.1098,
              33.783504
            ],
            [
              -118.109897,
              33.783503
            ],
            [
              -118.1099,
              33.783739
            ]
          ]
        ],
        "type": "Polygon"
      },
      "id": "6e478107d465e3f555d4683b0692f6b9"
    },
    {
      "type": "Feature",
      "properties": {
        "name": "Bob Murphy Access Center",
        "abbrev": "BMAC",
        "feature_type": "resource"
      },
      "geometry": {
        "coordinates": [
          -118.11267,
          33.779385
        ],
        "type": "Point"
      },
      "id": "6eaf345a7872e20d63bc4e91f00784b1"
    },
    {
      "type": "Feature",
      "properties": {
        "name": "Family and Consumer Services",
        "abbrev": "FCS",
        "feature_type": "building"
      },
      "geometry": {
        "coordinates": [
          [
            [
              -118.116673,
              33.78182
            ],
            [
              -118.115858,
              33.781819
            ],
            [
              -118.115854,
              33.781756
            ],
            [
              -118.115475,
              33.781748
            ],
            [
              -118.115478,
              33.781553
            ],
            [
              -118.116375,
              33.78156
            ],
            [
              -118.116374,
              33.781545
            ],
            [
              -118.116485,
              33.781546
            ],
            [
              -118.116491,
              33.781564
            ],
            [
              -118.116676,
              33.781558
            ],
            [
              -118.116673,
              33.78182
            ]
          ]
        ],
        "type": "Polygon"
      },
      "id": "6fa0edb14a69334163ea522c579dd5ac"
    },
    {
      "type": "Feature",
      "properties": {
        "name": "3D Printing Lab",
        "feature_type": "resource"
      },
      "geometry": {
        "coordinates": [
          -118.114809,
          33.777044
        ],
        "type": "Point"
      },
      "id": "74608478a48b34f26d74365438860c3a"
    },
    {
      "type": "Feature",
      "properties": {
        "name": "Bob Cole Conservatory of Music",
        "feature_type": "building"
      },
      "geometry": {
        "coordinates": [
          [
            [
              -118.112326,
              33.787818
            ],
            [
              -118.112131,
              33.78782
            ],
            [
              -118.111978,
              33.787767
            ],
            [
              -118.111973,
              33.787642
            ],
            [
              -118.112118,
              33.787594
            ],
            [
              -118.112327,
              33.787596
            ],
            [
              -118.112443,
              33.787649
            ],
            [
              -118.112444,
              33.787767
            ],
            [
              -118.112326,
              33.787818
            ]
          ]
        ],
        "type": "Polygon"
      },
      "id": "76f00fb79c3be7f77b19d2973b32aa99"
    },
    {
      "type": "Feature",
      "properties": {
        "name": "Parking and Transportation Svc",
        "abbrev": "PTS",
        "feature_type": "building"
      },
      "geometry": {
        "coordinates": [
          [
            [
              -118.116302,
              33.785432
            ],
            [
              -118.1163,
              33.785334
            ],
            [
              -118.116384,
              33.785336
            ],
            [
              -118.116384,
              33.7852
            ],
            [
              -118.11634,
              33.7852
            ],
            [
              -118.11634,
              33.785187
            ],
            [
              -118.116211,
              33.785189
            ],
            [
              -118.116213,
              33.78521
            ],
            [
              -118.116181,
              33.785208
            ],
            [
              -118.116181,
              33.785427
            ],
            [
              -118.116302,
              33.785432
            ]
          ]
        ],
        "type": "Polygon"
      },
      "id": "77326a37fd352fb79ce1c87bccb5d965"
    },
    {
      "type": "Feature",
      "properties": {
        "name": "Engineering 4",
        "abbrev": "EN4",
        "feature_type": "building"
      },
      "geometry": {
        "coordinates": [
          [
            [
              -118.110841,
              33.783977
            ],
            [
              -118.110519,
              33.783974
            ],
            [
              -118.110521,
              33.783354
            ],
            [
              -118.110838,
              33.783358
            ],
            [
              -118.110841,
              33.783977
            ]
          ]
        ],
        "type": "Polygon"
      },
      "id": "777bcf2c4e80ad6bd99daea76718fd0f"
    },
    {
      "type": "Feature",
      "properties": {
        "name": "360 Theater",
        "feature_type": "resource"
      },
      "geometry": {
        "coordinates": [
          -118.114962,
          33.777087
        ],
        "type": "Point"
      },
      "id": "7a3a493571673b93c6af7b041fc9822c"
    },
    {
      "type": "Feature",
      "properties": {
        "name": "Design",
        "abbrev": "DESN",
        "feature_type": "building"
      },
      "geometry": {
        "coordinates": [
          [
            [
              -118.109873,
              33.782287
            ],
            [
              -118.109547,
              33.782284
            ],
            [
              -118.109548,
              33.782222
            ],
            [
              -118.109523,
              33.78222
            ],
            [
              -118.109523,
              33.782232
            ],
            [
              -118.109495,
              33.782232
            ],
            [
              -118.109491,
              33.782288
            ],
            [
              -118.10925,
              33.782284
            ],
            [
              -118.109247,
              33.782146
            ],
            [
              -118.109159,
              33.782146
            ],
            [
              -118.10916,
              33.782286
            ],
            [
              -118.109034,
              33.782291
            ],
            [
              -118.109024,
              33.782283
            ],
            [
              -118.109016,
              33.78215
            ],
            [
              -118.108909,
              33.782155
            ],
            [
              -118.108913,
              33.782255
            ],
            [
              -118.108896,
              33.782287
            ],
            [
              -118.108773,
              33.782286
            ],
            [
              -118.108769,
              33.782074
            ],
            [
              -118.108746,
              33.782067
            ],
            [
              -118.108743,
              33.781912
            ],
            [
              -118.109526,
              33.781915
            ],
            [
              -118.109528,
              33.781757
            ],
            [
              -118.109659,
              33.781757
            ],
            [
              -118.109881,
              33.781768
            ],
            [
              -118.109873,
              33.782287
            ]
          ]
        ],
        "type": "Polygon"
      },
      "id": "7cb9db98bd9593078cc19aed9fb2b27c"
    },
    {
      "type": "Feature",
      "properties": {
        "name": "Lot E1",
        "feature_type": "parking"
      },
      "geometry": {
        "coordinates": [
          [
            [
              -118.117581,
              33.783645
            ],
            [
              -118.117485,
              33.783598
            ],
            [
              -118.117061,
              33.784236
            ],
            [
              -118.115717,
              33.783579
            ],
            [
              -118.1157,
              33.783495
            ],
            [
              -118.115739,
              33.783429
            ],
            [
              -118.116152,
              33.782832
            ],
            [
              -118.117649,
              33.783565
            ],
            [
              -118.117581,
              33.783645
            ]
          ]
        ],
        "type": "Polygon"
      },
      "id": "7dbb7d16370747bb548e4457ea0d1152"
    },
    {
      "type": "Feature",
      "properties": {
        "name": "Walter Pyramid",
        "abbrev": "PYR",
        "feature_type": "building"
      },
      "geometry": {
        "coordinates": [
          [
            [
              -118.115061,
              33.787859
            ],
            [
              -118.114939,
              33.786911
            ],
            [
              -118.113796,
              33.786995
            ],
            [
              -118.113922,
              33.787954
            ],
            [
              -118.115061,
              33.787859
            ]
          ]
        ],
        "type": "Polygon"
      },
      "id": "7f1254a48204ed7694b14f4a602e801a"
    },
    {
      "type": "Feature",
      "properties": {
        "name": "Lot G9",
        "feature_type": "parking"
      },
      "geometry": {
        "coordinates": [
          [
            [
              -118.117963,
              33.788364
            ],
            [
              -118.117954,
              33.787737
            ],
            [
              -118.116301,
              33.787726
            ],
            [
              -118.116347,
              33.788357
            ],
            [
              -118.117963,
              33.788364
            ]
          ]
        ],
        "type": "Polygon"
      },
      "id": "853aab8c65270c019e05736a95ae8f5e"
    },
    {
      "type": "Feature",
      "properties": {
        "name": "Parkside M",
        "feature_type": "building"
      },
      "geometry": {
        "coordinates": [
          [
            [
              -118.119476,
              33.787592
            ],
            [
              -118.119412,
              33.787591
            ],
            [
              -118.119413,
              33.787581
            ],
            [
              -118.119317,
              33.787584
            ],
            [
              -118.119318,
              33.787593
            ],
            [
              -118.119258,
              33.78759
            ],
            [
              -118.119256,
              33.787562
            ],
            [
              -118.119245,
              33.787564
            ],
            [
              -118.119248,
              33.787521
            ],
            [
              -118.119267,
              33.787518
            ],
            [
              -118.119267,
              33.787484
            ],
            [
              -118.119251,
              33.787488
            ],
            [
              -118.119248,
              33.787444
            ],
            [
              -118.119259,
              33.787444
            ],
            [
              -118.119259,
              33.787412
            ],
            [
              -118.119319,
              33.787411
            ],
            [
              -118.119321,
              33.787421
            ],
            [
              -118.119352,
              33.787421
            ],
            [
              -118.119351,
              33.787391
            ],
            [
              -118.119278,
              33.787393
            ],
            [
              -118.119276,
              33.787327
            ],
            [
              -118.119326,
              33.787323
            ],
            [
              -118.119331,
              33.787308
            ],
            [
              -118.119351,
              33.787311
            ],
            [
              -118.119353,
              33.787298
            ],
            [
              -118.11932,
              33.787295
            ],
            [
              -118.11932,
              33.787305
            ],
            [
              -118.11926,
              33.787307
            ],
            [
              -118.119256,
              33.787272
            ],
            [
              -118.119247,
              33.787275
            ],
            [
              -118.119246,
              33.787229
            ],
            [
              -118.119268,
              33.787231
            ],
            [
              -118.119268,
              33.787201
            ],
            [
              -118.119246,
              33.7872
            ],
            [
              -118.119246,
              33.787157
            ],
            [
              -118.119259,
              33.787158
            ],
            [
              -118.119261,
              33.787125
            ],
            [
              -118.119317,
              33.787125
            ],
            [
              -118.119319,
              33.787137
            ],
            [
              -118.119408,
              33.787135
            ],
            [
              -118.11941,
              33.787128
            ],
            [
              -118.119476,
              33.78713
            ],
            [
              -118.119472,
              33.787156
            ],
            [
              -118.119483,
              33.787155
            ],
            [
              -118.119482,
              33.7872
            ],
            [
              -118.119464,
              33.7872
            ],
            [
              -118.119464,
              33.787233
            ],
            [
              -118.119478,
              33.787234
            ],
            [
              -118.119481,
              33.787276
            ],
            [
              -118.119473,
              33.787274
            ],
            [
              -118.119473,
              33.787307
            ],
            [
              -118.119412,
              33.787307
            ],
            [
              -118.119412,
              33.787296
            ],
            [
              -118.119379,
              33.787297
            ],
            [
              -118.119379,
              33.787326
            ],
            [
              -118.119445,
              33.787326
            ],
            [
              -118.119447,
              33.787392
            ],
            [
              -118.119378,
              33.787393
            ],
            [
              -118.119378,
              33.787421
            ],
            [
              -118.11941,
              33.787424
            ],
            [
              -118.119412,
              33.787413
            ],
            [
              -118.119474,
              33.787412
            ],
            [
              -118.119474,
              33.787442
            ],
            [
              -118.119484,
              33.787442
            ],
            [
              -118.119482,
              33.787483
            ],
            [
              -118.11946,
              33.787485
            ],
            [
              -118.11946,
              33.787518
            ],
            [
              -118.119484,
              33.787519
            ],
            [
              -118.119484,
              33.787564
            ],
            [
              -118.119473,
              33.787562
            ],
            [
              -118.119476,
              33.787579
            ],
            [
              -118.119476,
              33.787592
            ]
          ]
        ],
        "type": "Polygon"
      },
      "id": "85572cd0373b5f04e1ed768bcb0f866d"
    },
    {
      "type": "Feature",
      "properties": {
        "name": "McIntosh Humanities",
        "abbrev": "MHB",
        "feature_type": "building"
      },
      "geometry": {
        "coordinates": [
          [
            [
              -118.113263,
              33.777012
            ],
            [
              -118.113354,
              33.776725
            ],
            [
              -118.113192,
              33.776688
            ],
            [
              -118.113103,
              33.776973
            ],
            [
              -118.113263,
              33.777012
            ]
          ]
        ],
        "type": "Polygon"
      },
      "id": "88809e835aa8ea72eb80cb3e540c62b1"
    },
    {
      "type": "Feature",
      "properties": {
        "name": "Parkside Q",
        "feature_type": "building"
      },
      "geometry": {
        "coordinates": [
          [
            [
              -118.120798,
              33.78765
            ],
            [
              -118.120798,
              33.787619
            ],
            [
              -118.12081,
              33.787616
            ],
            [
              -118.120805,
              33.787574
            ],
            [
              -118.120781,
              33.787571
            ],
            [
              -118.120781,
              33.787541
            ],
            [
              -118.120803,
              33.787542
            ],
            [
              -118.120807,
              33.787497
            ],
            [
              -118.120796,
              33.787496
            ],
            [
              -118.120796,
              33.787467
            ],
            [
              -118.12073,
              33.787467
            ],
            [
              -118.120728,
              33.787475
            ],
            [
              -118.1207,
              33.787473
            ],
            [
              -118.120701,
              33.787464
            ],
            [
              -118.120723,
              33.787463
            ],
            [
              -118.120725,
              33.787447
            ],
            [
              -118.120775,
              33.787448
            ],
            [
              -118.120778,
              33.787382
            ],
            [
              -118.120699,
              33.787377
            ],
            [
              -118.120702,
              33.787355
            ],
            [
              -118.120735,
              33.787355
            ],
            [
              -118.120736,
              33.787364
            ],
            [
              -118.1208,
              33.787366
            ],
            [
              -118.120797,
              33.787333
            ],
            [
              -118.120808,
              33.787333
            ],
            [
              -118.120808,
              33.787286
            ],
            [
              -118.120785,
              33.787287
            ],
            [
              -118.120787,
              33.787254
            ],
            [
              -118.120805,
              33.787256
            ],
            [
              -118.120809,
              33.787211
            ],
            [
              -118.120796,
              33.787214
            ],
            [
              -118.120799,
              33.787183
            ],
            [
              -118.120732,
              33.787182
            ],
            [
              -118.120733,
              33.787194
            ],
            [
              -118.120642,
              33.787191
            ],
            [
              -118.120644,
              33.787183
            ],
            [
              -118.120579,
              33.787181
            ],
            [
              -118.12058,
              33.787213
            ],
            [
              -118.12057,
              33.787211
            ],
            [
              -118.120571,
              33.787257
            ],
            [
              -118.120592,
              33.787261
            ],
            [
              -118.120592,
              33.787288
            ],
            [
              -118.120572,
              33.787285
            ],
            [
              -118.120569,
              33.787333
            ],
            [
              -118.120579,
              33.787334
            ],
            [
              -118.120575,
              33.787363
            ],
            [
              -118.120642,
              33.787365
            ],
            [
              -118.120644,
              33.787353
            ],
            [
              -118.120672,
              33.787357
            ],
            [
              -118.120672,
              33.787378
            ],
            [
              -118.120601,
              33.787379
            ],
            [
              -118.120605,
              33.787446
            ],
            [
              -118.120674,
              33.787452
            ],
            [
              -118.12067,
              33.787477
            ],
            [
              -118.120641,
              33.787477
            ],
            [
              -118.120641,
              33.78747
            ],
            [
              -118.120578,
              33.787466
            ],
            [
              -118.120577,
              33.787499
            ],
            [
              -118.120567,
              33.7875
            ],
            [
              -118.120567,
              33.787542
            ],
            [
              -118.120592,
              33.787544
            ],
            [
              -118.120587,
              33.787575
            ],
            [
              -118.120568,
              33.787575
            ],
            [
              -118.120564,
              33.78762
            ],
            [
              -118.120578,
              33.787619
            ],
            [
              -118.120575,
              33.787646
            ],
            [
              -118.120643,
              33.787652
            ],
            [
              -118.120642,
              33.787638
            ],
            [
              -118.120729,
              33.78764
            ],
            [
              -118.12073,
              33.787649
            ],
            [
              -118.120798,
              33.78765
            ]
          ]
        ],
        "type": "Polygon"
      },
      "id": "893ea9103a3d3c25e1cd7eb443f0d762"
    },
    {
      "type": "Feature",
      "properties": {
        "name": "Student Health Services",
        "abbrev": "SHS",
        "feature_type": "building"
      },
      "geometry": {
        "coordinates": [
          [
            [
              -118.118156,
              33.782435
            ],
            [
              -118.118141,
              33.782651
            ],
            [
              -118.117801,
              33.782641
            ],
            [
              -118.117809,
              33.782439
            ],
            [
              -118.117572,
              33.782428
            ],
            [
              -118.117568,
              33.782402
            ],
            [
              -118.117516,
              33.782402
            ],
            [
              -118.117516,
              33.782221
            ],
            [
              -118.118127,
              33.782229
            ],
            [
              -118.118117,
              33.782428
            ],
            [
              -118.118156,
              33.782435
            ]
          ]
        ],
        "type": "Polygon"
      },
      "id": "89c98eaa6edd7e0840329de984d8d403"
    },
    {
      "type": "Feature",
      "properties": {
        "name": "Engineering 2",
        "abbrev": "EN2",
        "feature_type": "building"
      },
      "geometry": {
        "coordinates": [
          [
            [
              -118.111096,
              33.783263
            ],
            [
              -118.110505,
              33.783265
            ],
            [
              -118.110511,
              33.783183
            ],
            [
              -118.110577,
              33.783191
            ],
            [
              -118.110574,
              33.783108
            ],
            [
              -118.111052,
              33.783111
            ],
            [
              -118.111059,
              33.783194
            ],
            [
              -118.1111,
              33.783196
            ],
            [
              -118.111096,
              33.783263
            ]
          ]
        ],
        "type": "Polygon"
      },
      "id": "89fc5f067c3dc19aff8d860b6ec335b6"
    },
    {
      "type": "Feature",
      "properties": {
        "name": "Faculty Office 2",
        "abbrev": "FO2",
        "feature_type": "building"
      },
      "geometry": {
        "coordinates": [
          [
            [
              -118.113935,
              33.778709
            ],
            [
              -118.113795,
              33.778675
            ],
            [
              -118.113909,
              33.778312
            ],
            [
              -118.114053,
              33.778345
            ],
            [
              -118.113935,
              33.778709
            ]
          ]
        ],
        "type": "Polygon"
      },
      "id": "8f502a97d75a52d10d32f4d91e880e2f"
    },
    {
      "type": "Feature",
      "properties": {
        "name": "George Allen Field"
      },
      "geometry": {
        "coordinates": [
          [
            [
              -118.111358,
              33.786818
            ],
            [
              -118.110437,
              33.786823
            ],
            [
              -118.110114,
              33.786536
            ],
            [
              -118.110105,
              33.784931
            ],
            [
              -118.111343,
              33.784946
            ],
            [
              -118.111358,
              33.786818
            ]
          ]
        ],
        "type": "Polygon"
      },
      "id": "904b3e00b46e379b97aee809a94350d4"
    },
    {
      "type": "Feature",
      "properties": {
        "name": "Lot G13"
      },
      "geometry": {
        "coordinates": [
          [
            [
              -118.108854,
              33.786864
            ],
            [
              -118.108229,
              33.786859
            ],
            [
              -118.108216,
              33.788072
            ],
            [
              -118.108266,
              33.788101
            ],
            [
              -118.108833,
              33.788102
            ],
            [
              -118.108854,
              33.786864
            ]
          ]
        ],
        "type": "Polygon"
      },
      "id": "90e28b238ffb8c9c01a1f079fde4f90d"
    },
    {
      "type": "Feature",
      "properties": {
        "name": "Counseling and Psychological Services",
        "abbrev": "CAPS",
        "feature_type": "resource"
      },
      "geometry": {
        "coordinates": [
          -118.115398,
          33.782774
        ],
        "type": "Point"
      },
      "id": "91d47a22dd0bb1ee1a7c555ed2cf5822"
    },
    {
      "type": "Feature",
      "properties": {
        "name": "University Police Department",
        "abbrev": "UP",
        "feature_type": "building"
      },
      "geometry": {
        "coordinates": [
          [
            [
              -118.109392,
              33.784419
            ],
            [
              -118.109349,
              33.784418
            ],
            [
              -118.109348,
              33.784381
            ],
            [
              -118.108929,
              33.78438
            ],
            [
              -118.108932,
              33.78427
            ],
            [
              -118.109419,
              33.784274
            ],
            [
              -118.109418,
              33.78438
            ],
            [
              -118.109391,
              33.784382
            ],
            [
              -118.109392,
              33.784419
            ]
          ]
        ],
        "type": "Polygon"
      },
      "id": "92070653658b6883c5a251d760155173"
    },
    {
      "type": "Feature",
      "properties": {
        "name": "Bob and Barbara Ellis Education",
        "abbrev": "EED",
        "feature_type": "building"
      },
      "geometry": {
        "coordinates": [
          [
            [
              -118.114497,
              33.776362
            ],
            [
              -118.1138,
              33.77636
            ],
            [
              -118.1138,
              33.776341
            ],
            [
              -118.113784,
              33.77634
            ],
            [
              -118.113787,
              33.776114
            ],
            [
              -118.113861,
              33.776118
            ],
            [
              -118.113855,
              33.775786
            ],
            [
              -118.114017,
              33.775791
            ],
            [
              -118.114027,
              33.776109
            ],
            [
              -118.114499,
              33.776118
            ],
            [
              -118.114497,
              33.776362
            ]
          ]
        ],
        "type": "Polygon"
      },
      "id": "947872d58eb5c43e40e64b6715c240aa"
    },
    {
      "type": "Feature",
      "properties": {
        "name": "Shipping and Receiving",
        "abbrev": "REC",
        "feature_type": "building"
      },
      "geometry": {
        "coordinates": [
          [
            [
              -118.109918,
              33.783442
            ],
            [
              -118.109736,
              33.783448
            ],
            [
              -118.109734,
              33.783478
            ],
            [
              -118.109638,
              33.783473
            ],
            [
              -118.109638,
              33.78344
            ],
            [
              -118.109589,
              33.783444
            ],
            [
              -118.109586,
              33.783482
            ],
            [
              -118.109477,
              33.783474
            ],
            [
              -118.109477,
              33.78344
            ],
            [
              -118.108603,
              33.783442
            ],
            [
              -118.108603,
              33.783508
            ],
            [
              -118.108417,
              33.783503
            ],
            [
              -118.108426,
              33.783333
            ],
            [
              -118.109917,
              33.783331
            ],
            [
              -118.109918,
              33.783442
            ]
          ]
        ],
        "type": "Polygon"
      },
      "id": "95ffc7a32ccf3f313af1983c051e288c"
    },
    {
      "type": "Feature",
      "properties": {
        "name": "Palo Verde North Parking Structure"
      },
      "geometry": {
        "coordinates": [
          [
            [
              -118.10976,
              33.787942
            ],
            [
              -118.108945,
              33.78794
            ],
            [
              -118.108945,
              33.787903
            ],
            [
              -118.108893,
              33.787886
            ],
            [
              -118.108893,
              33.786935
            ],
            [
              -118.108953,
              33.786932
            ],
            [
              -118.108953,
              33.786866
            ],
            [
              -118.10976,
              33.786853
            ],
            [
              -118.109787,
              33.786926
            ],
            [
              -118.109832,
              33.786932
            ],
            [
              -118.10982,
              33.787901
            ],
            [
              -118.109755,
              33.787903
            ],
            [
              -118.10976,
              33.787942
            ]
          ]
        ],
        "type": "Polygon"
      },
      "id": "9613593268890dd1dcc84ddbd218917c"
    },
    {
      "type": "Feature",
      "properties": {
        "name": "Parkside H",
        "feature_type": "building"
      },
      "geometry": {
        "coordinates": [
          [
            [
              -118.119478,
              33.786731
            ],
            [
              -118.119474,
              33.7867
            ],
            [
              -118.119485,
              33.786698
            ],
            [
              -118.119485,
              33.786653
            ],
            [
              -118.119462,
              33.786654
            ],
            [
              -118.119462,
              33.78662
            ],
            [
              -118.119487,
              33.786621
            ],
            [
              -118.119485,
              33.786578
            ],
            [
              -118.119473,
              33.786578
            ],
            [
              -118.119476,
              33.786549
            ],
            [
              -118.119412,
              33.786547
            ],
            [
              -118.119412,
              33.78656
            ],
            [
              -118.119378,
              33.786557
            ],
            [
              -118.119381,
              33.78653
            ],
            [
              -118.119455,
              33.786532
            ],
            [
              -118.11945,
              33.786465
            ],
            [
              -118.11938,
              33.786462
            ],
            [
              -118.119381,
              33.786435
            ],
            [
              -118.119413,
              33.786437
            ],
            [
              -118.119413,
              33.786448
            ],
            [
              -118.119479,
              33.786445
            ],
            [
              -118.119474,
              33.786416
            ],
            [
              -118.119491,
              33.786416
            ],
            [
              -118.119487,
              33.786367
            ],
            [
              -118.119465,
              33.786364
            ],
            [
              -118.119465,
              33.786344
            ],
            [
              -118.119492,
              33.786338
            ],
            [
              -118.119492,
              33.786295
            ],
            [
              -118.119478,
              33.786292
            ],
            [
              -118.11948,
              33.786263
            ],
            [
              -118.119412,
              33.786262
            ],
            [
              -118.119412,
              33.786274
            ],
            [
              -118.119319,
              33.786274
            ],
            [
              -118.119319,
              33.786266
            ],
            [
              -118.119257,
              33.78626
            ],
            [
              -118.11926,
              33.786291
            ],
            [
              -118.119245,
              33.786293
            ],
            [
              -118.119245,
              33.78634
            ],
            [
              -118.119269,
              33.786343
            ],
            [
              -118.119269,
              33.786369
            ],
            [
              -118.119245,
              33.786366
            ],
            [
              -118.119246,
              33.786416
            ],
            [
              -118.119256,
              33.786418
            ],
            [
              -118.119256,
              33.786449
            ],
            [
              -118.119324,
              33.786448
            ],
            [
              -118.119323,
              33.786434
            ],
            [
              -118.119352,
              33.786435
            ],
            [
              -118.119352,
              33.78645
            ],
            [
              -118.119324,
              33.786449
            ],
            [
              -118.119324,
              33.786462
            ],
            [
              -118.119278,
              33.786461
            ],
            [
              -118.119279,
              33.786528
            ],
            [
              -118.119351,
              33.78653
            ],
            [
              -118.119346,
              33.786556
            ],
            [
              -118.119322,
              33.786557
            ],
            [
              -118.119322,
              33.786548
            ],
            [
              -118.119255,
              33.786547
            ],
            [
              -118.119256,
              33.786578
            ],
            [
              -118.119246,
              33.786578
            ],
            [
              -118.119245,
              33.786625
            ],
            [
              -118.119267,
              33.786623
            ],
            [
              -118.119265,
              33.786653
            ],
            [
              -118.119248,
              33.786654
            ],
            [
              -118.119245,
              33.786703
            ],
            [
              -118.119259,
              33.786702
            ],
            [
              -118.119255,
              33.786729
            ],
            [
              -118.119321,
              33.786731
            ],
            [
              -118.11932,
              33.78672
            ],
            [
              -118.119409,
              33.78672
            ],
            [
              -118.119409,
              33.786732
            ],
            [
              -118.119478,
              33.786731
            ]
          ]
        ],
        "type": "Polygon"
      },
      "id": "988c6b369ce0b66ab773a0ec6175afed"
    },
    {
      "type": "Feature",
      "properties": {
        "name": "Anna W. Ngai Alumni Center",
        "abbrev": "ANAC",
        "feature_type": "building"
      },
      "geometry": {
        "coordinates": [
          [
            [
              -118.117017,
              33.781799
            ],
            [
              -118.117016,
              33.781722
            ],
            [
              -118.116919,
              33.781721
            ],
            [
              -118.116919,
              33.781693
            ],
            [
              -118.116837,
              33.781689
            ],
            [
              -118.116836,
              33.781681
            ],
            [
              -118.116778,
              33.781681
            ],
            [
              -118.116778,
              33.781717
            ],
            [
              -118.116763,
              33.781716
            ],
            [
              -118.11676,
              33.781811
            ],
            [
              -118.116894,
              33.78181
            ],
            [
              -118.116894,
              33.781801
            ],
            [
              -118.117017,
              33.781799
            ]
          ]
        ],
        "type": "Polygon"
      },
      "id": "99a646f43ad9201ebf4e6613981aabc8"
    },
    {
      "type": "Feature",
      "properties": {
        "name": "Atlantic",
        "feature_type": "building"
      },
      "geometry": {
        "coordinates": [
          [
            [
              -118.134724,
              33.787008
            ],
            [
              -118.134736,
              33.787016
            ],
            [
              -118.134741,
              33.787008
            ],
            [
              -118.134749,
              33.787012
            ],
            [
              -118.134766,
              33.78699
            ],
            [
              -118.134787,
              33.787006
            ],
            [
              -118.134823,
              33.786973
            ],
            [
              -118.134801,
              33.786957
            ],
            [
              -118.134841,
              33.78692
            ],
            [
              -118.134836,
              33.786916
            ],
            [
              -118.134843,
              33.78691
            ],
            [
              -118.134828,
              33.786899
            ],
            [
              -118.134821,
              33.786906
            ],
            [
              -118.134795,
              33.786888
            ],
            [
              -118.134801,
              33.78688
            ],
            [
              -118.134768,
              33.786858
            ],
            [
              -118.134763,
              33.786863
            ],
            [
              -118.13474,
              33.786846
            ],
            [
              -118.134744,
              33.78684
            ],
            [
              -118.134734,
              33.786833
            ],
            [
              -118.134747,
              33.78682
            ],
            [
              -118.13474,
              33.786817
            ],
            [
              -118.134759,
              33.786795
            ],
            [
              -118.134769,
              33.7868
            ],
            [
              -118.134795,
              33.786773
            ],
            [
              -118.134787,
              33.786767
            ],
            [
              -118.134809,
              33.786745
            ],
            [
              -118.134818,
              33.786751
            ],
            [
              -118.134847,
              33.78672
            ],
            [
              -118.134842,
              33.786716
            ],
            [
              -118.134861,
              33.786695
            ],
            [
              -118.13487,
              33.786699
            ],
            [
              -118.1349,
              33.786668
            ],
            [
              -118.134892,
              33.786664
            ],
            [
              -118.134911,
              33.786642
            ],
            [
              -118.13492,
              33.786648
            ],
            [
              -118.13493,
              33.786636
            ],
            [
              -118.13494,
              33.786643
            ],
            [
              -118.134946,
              33.786638
            ],
            [
              -118.13497,
              33.786656
            ],
            [
              -118.134964,
              33.786662
            ],
            [
              -118.134998,
              33.786686
            ],
            [
              -118.135006,
              33.786678
            ],
            [
              -118.135033,
              33.786698
            ],
            [
              -118.135026,
              33.786707
            ],
            [
              -118.135041,
              33.786717
            ],
            [
              -118.135047,
              33.786711
            ],
            [
              -118.135054,
              33.786715
            ],
            [
              -118.135093,
              33.786674
            ],
            [
              -118.135115,
              33.786689
            ],
            [
              -118.135151,
              33.786654
            ],
            [
              -118.135132,
              33.786637
            ],
            [
              -118.135158,
              33.786613
            ],
            [
              -118.135136,
              33.786599
            ],
            [
              -118.135128,
              33.786606
            ],
            [
              -118.135103,
              33.786587
            ],
            [
              -118.135112,
              33.786578
            ],
            [
              -118.135076,
              33.786555
            ],
            [
              -118.135069,
              33.786561
            ],
            [
              -118.135043,
              33.786544
            ],
            [
              -118.135049,
              33.786536
            ],
            [
              -118.135015,
              33.786511
            ],
            [
              -118.135009,
              33.786518
            ],
            [
              -118.134984,
              33.786501
            ],
            [
              -118.13499,
              33.786494
            ],
            [
              -118.134954,
              33.786468
            ],
            [
              -118.134949,
              33.786473
            ],
            [
              -118.13493,
              33.786458
            ],
            [
              -118.134935,
              33.786453
            ],
            [
              -118.134893,
              33.786424
            ],
            [
              -118.134888,
              33.78643
            ],
            [
              -118.134866,
              33.786414
            ],
            [
              -118.134871,
              33.786409
            ],
            [
              -118.134836,
              33.786384
            ],
            [
              -118.134829,
              33.78639
            ],
            [
              -118.134806,
              33.786374
            ],
            [
              -118.134812,
              33.786368
            ],
            [
              -118.134791,
              33.786353
            ],
            [
              -118.134785,
              33.786359
            ],
            [
              -118.13476,
              33.786341
            ],
            [
              -118.134727,
              33.786373
            ],
            [
              -118.134752,
              33.786391
            ],
            [
              -118.13468,
              33.786462
            ],
            [
              -118.134698,
              33.786476
            ],
            [
              -118.134704,
              33.78647
            ],
            [
              -118.134729,
              33.786485
            ],
            [
              -118.134722,
              33.786491
            ],
            [
              -118.13476,
              33.786519
            ],
            [
              -118.134768,
              33.78651
            ],
            [
              -118.134792,
              33.786528
            ],
            [
              -118.134787,
              33.786535
            ],
            [
              -118.134803,
              33.786544
            ],
            [
              -118.134789,
              33.78656
            ],
            [
              -118.1348,
              33.786565
            ],
            [
              -118.13478,
              33.786586
            ],
            [
              -118.13477,
              33.78658
            ],
            [
              -118.134758,
              33.786592
            ],
            [
              -118.134696,
              33.78655
            ],
            [
              -118.134705,
              33.786539
            ],
            [
              -118.134644,
              33.786492
            ],
            [
              -118.134519,
              33.786619
            ],
            [
              -118.134581,
              33.786666
            ],
            [
              -118.134588,
              33.786656
            ],
            [
              -118.134652,
              33.786702
            ],
            [
              -118.134641,
              33.786709
            ],
            [
              -118.134651,
              33.786715
            ],
            [
              -118.134626,
              33.786739
            ],
            [
              -118.134616,
              33.786733
            ],
            [
              -118.134606,
              33.786742
            ],
            [
              -118.134586,
              33.786727
            ],
            [
              -118.134579,
              33.786734
            ],
            [
              -118.134554,
              33.786716
            ],
            [
              -118.134561,
              33.786709
            ],
            [
              -118.134525,
              33.786684
            ],
            [
              -118.134518,
              33.786693
            ],
            [
              -118.134494,
              33.786676
            ],
            [
              -118.1345,
              33.786667
            ],
            [
              -118.134481,
              33.786656
            ],
            [
              -118.134375,
              33.786761
            ],
            [
              -118.134394,
              33.786774
            ],
            [
              -118.1344,
              33.786767
            ],
            [
              -118.134423,
              33.786788
            ],
            [
              -118.134415,
              33.786796
            ],
            [
              -118.134457,
              33.786823
            ],
            [
              -118.134461,
              33.786814
            ],
            [
              -118.134484,
              33.786831
            ],
            [
              -118.134477,
              33.786839
            ],
            [
              -118.134509,
              33.786863
            ],
            [
              -118.134515,
              33.786856
            ],
            [
              -118.134549,
              33.786876
            ],
            [
              -118.134541,
              33.786884
            ],
            [
              -118.134573,
              33.786906
            ],
            [
              -118.13458,
              33.786898
            ],
            [
              -118.134605,
              33.786916
            ],
            [
              -118.134598,
              33.786925
            ],
            [
              -118.134631,
              33.786949
            ],
            [
              -118.134638,
              33.786943
            ],
            [
              -118.134666,
              33.786959
            ],
            [
              -118.134656,
              33.786968
            ],
            [
              -118.134693,
              33.786989
            ],
            [
              -118.134701,
              33.786982
            ],
            [
              -118.134729,
              33.787
            ],
            [
              -118.134724,
              33.787008
            ]
          ]
        ],
        "type": "Polygon"
      },
      "id": "9e7e4e42f958e62cd9cce09483b5549b"
    },
    {
      "type": "Feature",
      "properties": {
        "name": "Sell Textbooks",
        "feature_type": "resource"
      },
      "geometry": {
        "coordinates": [
          -118.114592,
          33.780045
        ],
        "type": "Point"
      },
      "id": "9f124455021a86c906091cafb7673026"
    },
    {
      "type": "Feature",
      "properties": {
        "name": "COE Academic Advising",
        "feature_type": "resource"
      },
      "geometry": {
        "coordinates": [
          -118.110899,
          33.783216
        ],
        "type": "Point"
      },
      "id": "9f4f20caa281307880e3e87c13ef1444"
    },
    {
      "type": "Feature",
      "properties": {
        "name": "Fine Arts 4",
        "abbrev": "FA4",
        "feature_type": "building"
      },
      "geometry": {
        "coordinates": [
          [
            [
              -118.112919,
              33.778535
            ],
            [
              -118.112271,
              33.778385
            ],
            [
              -118.112338,
              33.778177
            ],
            [
              -118.112636,
              33.778246
            ],
            [
              -118.112729,
              33.777968
            ],
            [
              -118.112955,
              33.778023
            ],
            [
              -118.112867,
              33.778307
            ],
            [
              -118.11298,
              33.778335
            ],
            [
              -118.112919,
              33.778535
            ]
          ]
        ],
        "type": "Polygon"
      },
      "id": "a1c52f5b68cea6ba4dbf7049b4ce69e5"
    },
    {
      "type": "Feature",
      "properties": {
        "name": "Outpost",
        "abbrev": "OP",
        "feature_type": "building"
      },
      "geometry": {
        "coordinates": [
          [
            [
              -118.110514,
              33.782477
            ],
            [
              -118.110358,
              33.78248
            ],
            [
              -118.110355,
              33.782402
            ],
            [
              -118.110215,
              33.782405
            ],
            [
              -118.110212,
              33.782225
            ],
            [
              -118.110584,
              33.782228
            ],
            [
              -118.110585,
              33.782346
            ],
            [
              -118.110512,
              33.782349
            ],
            [
              -118.110514,
              33.782477
            ]
          ]
        ],
        "type": "Polygon"
      },
      "id": "a81be00f8aa528feed07371bb541eab8"
    },
    {
      "type": "Feature",
      "properties": {
        "name": "Shakarian Student Success Center",
        "abbrev": "SSSC",
        "feature_type": "building"
      },
      "geometry": {
        "coordinates": [
          [
            [
              -118.113103,
              33.779526
            ],
            [
              -118.113089,
              33.779563
            ],
            [
              -118.111922,
              33.779302
            ],
            [
              -118.111938,
              33.77926
            ],
            [
              -118.111895,
              33.779244
            ],
            [
              -118.111922,
              33.779152
            ],
            [
              -118.111883,
              33.779134
            ],
            [
              -118.111895,
              33.779111
            ],
            [
              -118.111977,
              33.779133
            ],
            [
              -118.111985,
              33.779102
            ],
            [
              -118.112716,
              33.779263
            ],
            [
              -118.11272,
              33.77924
            ],
            [
              -118.112779,
              33.779252
            ],
            [
              -118.112777,
              33.779277
            ],
            [
              -118.113152,
              33.779361
            ],
            [
              -118.113132,
              33.779425
            ],
            [
              -118.11318,
              33.77944
            ],
            [
              -118.113152,
              33.779532
            ],
            [
              -118.113103,
              33.779526
            ]
          ]
        ],
        "type": "Polygon"
      },
      "id": "aa6d79c18bd9f692f75eba20683a5c0f"
    },
    {
      "type": "Feature",
      "properties": {
        "name": "Computer Lab",
        "feature_type": "resource"
      },
      "geometry": {
        "coordinates": [
          -118.114973,
          33.777229
        ],
        "type": "Point"
      },
      "id": "ac361146d18378d975055a1446c3841b"
    },
    {
      "type": "Feature",
      "properties": {
        "name": "Microbiology",
        "abbrev": "MIC",
        "feature_type": "building"
      },
      "geometry": {
        "coordinates": [
          [
            [
              -118.111911,
              33.779403
            ],
            [
              -118.111862,
              33.779562
            ],
            [
              -118.111753,
              33.779541
            ],
            [
              -118.111728,
              33.77964
            ],
            [
              -118.111622,
              33.779621
            ],
            [
              -118.111615,
              33.779645
            ],
            [
              -118.111583,
              33.779635
            ],
            [
              -118.111646,
              33.779423
            ],
            [
              -118.111615,
              33.779415
            ],
            [
              -118.111632,
              33.779356
            ],
            [
              -118.111662,
              33.779368
            ],
            [
              -118.111801,
              33.778937
            ],
            [
              -118.111945,
              33.778968
            ],
            [
              -118.111813,
              33.779381
            ],
            [
              -118.111911,
              33.779403
            ]
          ]
        ],
        "type": "Polygon"
      },
      "id": "ac516a1b88b735c5ad2392001eecad2b"
    },
    {
      "type": "Feature",
      "properties": {
        "name": "Mail-In Ballot Dropbox"
      },
      "geometry": {
        "coordinates": [
          -118.113529,
          33.776466
        ],
        "type": "Point"
      },
      "id": "ae36af7f7c3739267eacc1d542ed5dbf"
    },
    {
      "type": "Feature",
      "properties": {
        "name": "Engineering 3",
        "abbrev": "EN3",
        "feature_type": "building"
      },
      "geometry": {
        "coordinates": [
          [
            [
              -118.111327,
              33.783978
            ],
            [
              -118.111339,
              33.783366
            ],
            [
              -118.111028,
              33.783354
            ],
            [
              -118.111026,
              33.783974
            ],
            [
              -118.111327,
              33.783978
            ]
          ]
        ],
        "type": "Polygon"
      },
      "id": "b068a7ac0298c8980ae5b661474b1db6"
    },
    {
      "type": "Feature",
      "properties": {
        "name": "Parkside Dining",
        "feature_type": "building"
      },
      "geometry": {
        "coordinates": [
          [
            [
              -118.120819,
              33.786897
            ],
            [
              -118.120819,
              33.786797
            ],
            [
              -118.12049,
              33.786794
            ],
            [
              -118.120488,
              33.786775
            ],
            [
              -118.120469,
              33.786778
            ],
            [
              -118.120474,
              33.787067
            ],
            [
              -118.120489,
              33.787066
            ],
            [
              -118.120494,
              33.787045
            ],
            [
              -118.120723,
              33.787047
            ],
            [
              -118.120723,
              33.787002
            ],
            [
              -118.120738,
              33.786999
            ],
            [
              -118.120736,
              33.786956
            ],
            [
              -118.120723,
              33.786959
            ],
            [
              -118.120726,
              33.786897
            ],
            [
              -118.120819,
              33.786897
            ]
          ]
        ],
        "type": "Polygon"
      },
      "id": "b1407d0014cd294c3c8c70f9aeeb2897"
    },
    {
      "type": "Feature",
      "properties": {
        "name": "Lot G5",
        "feature_type": "parking"
      },
      "geometry": {
        "coordinates": [
          [
            [
              -118.116481,
              33.785213
            ],
            [
              -118.116835,
              33.784684
            ],
            [
              -118.116807,
              33.784671
            ],
            [
              -118.116813,
              33.784514
            ],
            [
              -118.116746,
              33.784519
            ],
            [
              -118.116748,
              33.784454
            ],
            [
              -118.116248,
              33.784444
            ],
            [
              -118.116238,
              33.784547
            ],
            [
              -118.116137,
              33.784512
            ],
            [
              -118.116125,
              33.784719
            ],
            [
              -118.116204,
              33.784755
            ],
            [
              -118.116204,
              33.784914
            ],
            [
              -118.116143,
              33.784909
            ],
            [
              -118.116148,
              33.785134
            ],
            [
              -118.116316,
              33.785142
            ],
            [
              -118.116481,
              33.785213
            ]
          ]
        ],
        "type": "Polygon"
      },
      "id": "b18041a2cb128f979cf421314a5aa9f9"
    },
    {
      "type": "Feature",
      "properties": {
        "name": "Student Center for Professional Development",
        "feature_type": "resource"
      },
      "geometry": {
        "coordinates": [
          -118.116028,
          33.784197
        ],
        "type": "Point"
      },
      "id": "b24865dbb1549a5e4de14fc48face97a"
    },
    {
      "type": "Feature",
      "properties": {
        "name": "Preschool Program",
        "feature_type": "resource"
      },
      "geometry": {
        "coordinates": [
          -118.1206,
          33.788272
        ],
        "type": "Point"
      },
      "id": "b793116426818458e49a311c5e2946a2"
    },
    {
      "type": "Feature",
      "properties": {
        "name": "Parkside L",
        "feature_type": "building"
      },
      "geometry": {
        "coordinates": [
          [
            [
              -118.120735,
              33.786703
            ],
            [
              -118.120734,
              33.786671
            ],
            [
              -118.120743,
              33.78667
            ],
            [
              -118.120743,
              33.786628
            ],
            [
              -118.120722,
              33.786626
            ],
            [
              -118.120721,
              33.786595
            ],
            [
              -118.120741,
              33.786595
            ],
            [
              -118.120743,
              33.78655
            ],
            [
              -118.120732,
              33.78655
            ],
            [
              -118.120733,
              33.786521
            ],
            [
              -118.120668,
              33.786519
            ],
            [
              -118.12067,
              33.786534
            ],
            [
              -118.120638,
              33.786532
            ],
            [
              -118.120638,
              33.78652
            ],
            [
              -118.120664,
              33.786518
            ],
            [
              -118.120663,
              33.786503
            ],
            [
              -118.120716,
              33.786503
            ],
            [
              -118.120715,
              33.786439
            ],
            [
              -118.120639,
              33.786434
            ],
            [
              -118.12064,
              33.786411
            ],
            [
              -118.120669,
              33.786407
            ],
            [
              -118.12067,
              33.78642
            ],
            [
              -118.120739,
              33.78642
            ],
            [
              -118.120737,
              33.78639
            ],
            [
              -118.120747,
              33.786389
            ],
            [
              -118.120747,
              33.786339
            ],
            [
              -118.120722,
              33.786339
            ],
            [
              -118.120722,
              33.786311
            ],
            [
              -118.120746,
              33.786307
            ],
            [
              -118.120746,
              33.786267
            ],
            [
              -118.120732,
              33.786264
            ],
            [
              -118.120737,
              33.786237
            ],
            [
              -118.120673,
              33.786234
            ],
            [
              -118.120673,
              33.786246
            ],
            [
              -118.120581,
              33.786246
            ],
            [
              -118.120582,
              33.786238
            ],
            [
              -118.120513,
              33.786236
            ],
            [
              -118.120515,
              33.786267
            ],
            [
              -118.120505,
              33.786267
            ],
            [
              -118.120504,
              33.786311
            ],
            [
              -118.120528,
              33.786314
            ],
            [
              -118.120529,
              33.786342
            ],
            [
              -118.120505,
              33.786341
            ],
            [
              -118.120505,
              33.786387
            ],
            [
              -118.120518,
              33.786387
            ],
            [
              -118.120517,
              33.786414
            ],
            [
              -118.12058,
              33.786416
            ],
            [
              -118.12058,
              33.786407
            ],
            [
              -118.12061,
              33.786409
            ],
            [
              -118.120608,
              33.786437
            ],
            [
              -118.120544,
              33.786434
            ],
            [
              -118.120544,
              33.786503
            ],
            [
              -118.120609,
              33.786507
            ],
            [
              -118.120608,
              33.786531
            ],
            [
              -118.120577,
              33.786532
            ],
            [
              -118.120577,
              33.786521
            ],
            [
              -118.120515,
              33.78652
            ],
            [
              -118.120516,
              33.78655
            ],
            [
              -118.120503,
              33.786551
            ],
            [
              -118.120503,
              33.786595
            ],
            [
              -118.120529,
              33.786595
            ],
            [
              -118.120527,
              33.786627
            ],
            [
              -118.120503,
              33.786626
            ],
            [
              -118.1205,
              33.786673
            ],
            [
              -118.120517,
              33.786674
            ],
            [
              -118.120516,
              33.786701
            ],
            [
              -118.120579,
              33.786703
            ],
            [
              -118.120579,
              33.78669
            ],
            [
              -118.120669,
              33.78669
            ],
            [
              -118.120669,
              33.786703
            ],
            [
              -118.120735,
              33.786703
            ]
          ]
        ],
        "type": "Polygon"
      },
      "id": "b9afc91cb79211c281e8176d97146aa7"
    },
    {
      "type": "Feature",
      "properties": {
        "name": "Lot G11",
        "feature_type": "parking"
      },
      "geometry": {
        "coordinates": [
          [
            [
              -118.116153,
              33.787764
            ],
            [
              -118.11606,
              33.787767
            ],
            [
              -118.116064,
              33.788351
            ],
            [
              -118.115358,
              33.788334
            ],
            [
              -118.115338,
              33.787002
            ],
            [
              -118.116152,
              33.787022
            ],
            [
              -118.116159,
              33.787721
            ],
            [
              -118.116158,
              33.787723
            ],
            [
              -118.116153,
              33.787764
            ]
          ]
        ],
        "type": "Polygon"
      },
      "id": "ba3881bff577b681099573c864723e21"
    },
    {
      "type": "Feature",
      "properties": {
        "name": "Parkside G",
        "feature_type": "building"
      },
      "geometry": {
        "coordinates": [
          [
            [
              -118.120081,
              33.786107
            ],
            [
              -118.120084,
              33.786052
            ],
            [
              -118.12007,
              33.78605
            ],
            [
              -118.120072,
              33.785978
            ],
            [
              -118.120088,
              33.785977
            ],
            [
              -118.120086,
              33.785921
            ],
            [
              -118.120047,
              33.785923
            ],
            [
              -118.120047,
              33.785913
            ],
            [
              -118.119988,
              33.785914
            ],
            [
              -118.119991,
              33.78593
            ],
            [
              -118.11996,
              33.785932
            ],
            [
              -118.119957,
              33.785913
            ],
            [
              -118.119901,
              33.785912
            ],
            [
              -118.119901,
              33.785924
            ],
            [
              -118.119866,
              33.785921
            ],
            [
              -118.119865,
              33.785976
            ],
            [
              -118.119882,
              33.785977
            ],
            [
              -118.11988,
              33.786005
            ],
            [
              -118.119865,
              33.786003
            ],
            [
              -118.119865,
              33.785983
            ],
            [
              -118.119847,
              33.785983
            ],
            [
              -118.119846,
              33.785942
            ],
            [
              -118.119758,
              33.78594
            ],
            [
              -118.119765,
              33.785984
            ],
            [
              -118.119728,
              33.785986
            ],
            [
              -118.119729,
              33.785974
            ],
            [
              -118.119742,
              33.785972
            ],
            [
              -118.119742,
              33.785923
            ],
            [
              -118.119704,
              33.785923
            ],
            [
              -118.119704,
              33.785914
            ],
            [
              -118.119654,
              33.785913
            ],
            [
              -118.119654,
              33.785931
            ],
            [
              -118.119617,
              33.78593
            ],
            [
              -118.119617,
              33.785913
            ],
            [
              -118.119558,
              33.785913
            ],
            [
              -118.119558,
              33.785922
            ],
            [
              -118.119526,
              33.785924
            ],
            [
              -118.119526,
              33.785978
            ],
            [
              -118.119536,
              33.785978
            ],
            [
              -118.119536,
              33.786049
            ],
            [
              -118.119523,
              33.786049
            ],
            [
              -118.119526,
              33.786106
            ],
            [
              -118.119559,
              33.786102
            ],
            [
              -118.119559,
              33.786113
            ],
            [
              -118.119615,
              33.786113
            ],
            [
              -118.119615,
              33.786092
            ],
            [
              -118.119653,
              33.786094
            ],
            [
              -118.119654,
              33.786112
            ],
            [
              -118.119706,
              33.786113
            ],
            [
              -118.119706,
              33.786105
            ],
            [
              -118.119747,
              33.786101
            ],
            [
              -118.119744,
              33.786049
            ],
            [
              -118.119726,
              33.786049
            ],
            [
              -118.11973,
              33.786024
            ],
            [
              -118.119761,
              33.786025
            ],
            [
              -118.119762,
              33.786083
            ],
            [
              -118.119847,
              33.786083
            ],
            [
              -118.119844,
              33.786025
            ],
            [
              -118.119875,
              33.786026
            ],
            [
              -118.119879,
              33.786053
            ],
            [
              -118.119866,
              33.786053
            ],
            [
              -118.119866,
              33.786108
            ],
            [
              -118.119901,
              33.786105
            ],
            [
              -118.119901,
              33.786116
            ],
            [
              -118.119955,
              33.786116
            ],
            [
              -118.119955,
              33.786099
            ],
            [
              -118.119988,
              33.786097
            ],
            [
              -118.119991,
              33.786114
            ],
            [
              -118.120047,
              33.786114
            ],
            [
              -118.120051,
              33.786107
            ],
            [
              -118.120081,
              33.786107
            ]
          ]
        ],
        "type": "Polygon"
      },
      "id": "baa8c085eb9599fc3a5f39191065c747"
    },
    {
      "type": "Feature",
      "properties": {
        "name": "LBSU Sand Courts"
      },
      "geometry": {
        "coordinates": [
          [
            [
              -118.113452,
              33.785381
            ],
            [
              -118.112959,
              33.785375
            ],
            [
              -118.112967,
              33.785157
            ],
            [
              -118.113453,
              33.785163
            ],
            [
              -118.113452,
              33.785381
            ]
          ]
        ],
        "type": "Polygon"
      },
      "id": "baf7e048397f9b3f69193faebe6f2527"
    },
    {
      "type": "Feature",
      "properties": {
        "name": "Amazon @ The Beach",
        "feature_type": "building"
      },
      "geometry": {
        "coordinates": [
          [
            [
              -118.114722,
              33.779947
            ],
            [
              -118.114571,
              33.77995
            ],
            [
              -118.114565,
              33.779815
            ],
            [
              -118.114721,
              33.779815
            ],
            [
              -118.114722,
              33.779947
            ]
          ]
        ],
        "type": "Polygon"
      },
      "id": "bc580e225a601b0281f02d8171756d32"
    },
    {
      "type": "Feature",
      "properties": {
        "abbrev": "LCH",
        "feature_type": "building",
        "name": "Los Cerritos Hall"
      },
      "geometry": {
        "coordinates": [
          [
            [
              -118.119067,
              33.782693
            ],
            [
              -118.118911,
              33.782616
            ],
            [
              -118.118946,
              33.782559
            ],
            [
              -118.118932,
              33.782551
            ],
            [
              -118.118946,
              33.78253
            ],
            [
              -118.118968,
              33.782541
            ],
            [
              -118.118966,
              33.782548
            ],
            [
              -118.118985,
              33.782554
            ],
            [
              -118.119014,
              33.782512
            ],
            [
              -118.118632,
              33.782324
            ],
            [
              -118.118657,
              33.78229
            ],
            [
              -118.118634,
              33.782276
            ],
            [
              -118.118676,
              33.782213
            ],
            [
              -118.119056,
              33.782407
            ],
            [
              -118.11914,
              33.78229
            ],
            [
              -118.119225,
              33.782332
            ],
            [
              -118.119176,
              33.78241
            ],
            [
              -118.119575,
              33.782612
            ],
            [
              -118.119543,
              33.78267
            ],
            [
              -118.119497,
              33.782672
            ],
            [
              -118.119475,
              33.782697
            ],
            [
              -118.119168,
              33.782541
            ],
            [
              -118.119067,
              33.782693
            ]
          ]
        ],
        "type": "Polygon"
      },
      "id": "bc5f6e88bec73f79bb646064508a0fc9"
    },
    {
      "type": "Feature",
      "properties": {
        "name": "Pacific",
        "feature_type": "building"
      },
      "geometry": {
        "coordinates": [
          [
            [
              -118.135282,
              33.786525
            ],
            [
              -118.135314,
              33.786494
            ],
            [
              -118.135291,
              33.786478
            ],
            [
              -118.135333,
              33.786439
            ],
            [
              -118.135326,
              33.786433
            ],
            [
              -118.135333,
              33.786427
            ],
            [
              -118.135319,
              33.786417
            ],
            [
              -118.135311,
              33.786424
            ],
            [
              -118.135284,
              33.786404
            ],
            [
              -118.135293,
              33.786398
            ],
            [
              -118.135258,
              33.786375
            ],
            [
              -118.135251,
              33.786383
            ],
            [
              -118.135222,
              33.786363
            ],
            [
              -118.135232,
              33.786356
            ],
            [
              -118.13522,
              33.786349
            ],
            [
              -118.135232,
              33.786339
            ],
            [
              -118.135223,
              33.786332
            ],
            [
              -118.135251,
              33.786311
            ],
            [
              -118.135261,
              33.786317
            ],
            [
              -118.135286,
              33.786293
            ],
            [
              -118.135277,
              33.786285
            ],
            [
              -118.135296,
              33.786266
            ],
            [
              -118.135307,
              33.78627
            ],
            [
              -118.135333,
              33.786241
            ],
            [
              -118.135326,
              33.786234
            ],
            [
              -118.135353,
              33.78621
            ],
            [
              -118.13536,
              33.786217
            ],
            [
              -118.135386,
              33.786189
            ],
            [
              -118.13538,
              33.78618
            ],
            [
              -118.135403,
              33.786161
            ],
            [
              -118.13541,
              33.786166
            ],
            [
              -118.135422,
              33.786153
            ],
            [
              -118.135434,
              33.786162
            ],
            [
              -118.13544,
              33.786154
            ],
            [
              -118.135467,
              33.786175
            ],
            [
              -118.13546,
              33.786182
            ],
            [
              -118.13549,
              33.786204
            ],
            [
              -118.135498,
              33.786195
            ],
            [
              -118.135525,
              33.786217
            ],
            [
              -118.135517,
              33.786227
            ],
            [
              -118.135532,
              33.786233
            ],
            [
              -118.135539,
              33.786227
            ],
            [
              -118.135548,
              33.786233
            ],
            [
              -118.135586,
              33.786188
            ],
            [
              -118.135608,
              33.786202
            ],
            [
              -118.135635,
              33.786175
            ],
            [
              -118.135612,
              33.786156
            ],
            [
              -118.135637,
              33.786137
            ],
            [
              -118.135629,
              33.786132
            ],
            [
              -118.13564,
              33.786125
            ],
            [
              -118.135626,
              33.786117
            ],
            [
              -118.135621,
              33.786125
            ],
            [
              -118.13559,
              33.786106
            ],
            [
              -118.135597,
              33.786099
            ],
            [
              -118.135564,
              33.786075
            ],
            [
              -118.135559,
              33.786085
            ],
            [
              -118.13553,
              33.786063
            ],
            [
              -118.135539,
              33.786053
            ],
            [
              -118.135507,
              33.786036
            ],
            [
              -118.135501,
              33.786042
            ],
            [
              -118.135471,
              33.786021
            ],
            [
              -118.135478,
              33.786011
            ],
            [
              -118.135448,
              33.785987
            ],
            [
              -118.135437,
              33.785996
            ],
            [
              -118.135406,
              33.785978
            ],
            [
              -118.135417,
              33.785966
            ],
            [
              -118.135387,
              33.785944
            ],
            [
              -118.135377,
              33.785953
            ],
            [
              -118.135349,
              33.785933
            ],
            [
              -118.135355,
              33.785927
            ],
            [
              -118.135323,
              33.785902
            ],
            [
              -118.135316,
              33.785912
            ],
            [
              -118.135293,
              33.785892
            ],
            [
              -118.135297,
              33.785883
            ],
            [
              -118.135278,
              33.785874
            ],
            [
              -118.135169,
              33.785979
            ],
            [
              -118.135188,
              33.785994
            ],
            [
              -118.135194,
              33.785989
            ],
            [
              -118.135217,
              33.786012
            ],
            [
              -118.135247,
              33.786036
            ],
            [
              -118.135252,
              33.78603
            ],
            [
              -118.135283,
              33.786051
            ],
            [
              -118.135278,
              33.786057
            ],
            [
              -118.135295,
              33.786067
            ],
            [
              -118.13528,
              33.78608
            ],
            [
              -118.135288,
              33.786085
            ],
            [
              -118.135268,
              33.786103
            ],
            [
              -118.13526,
              33.786098
            ],
            [
              -118.135242,
              33.786113
            ],
            [
              -118.135181,
              33.786071
            ],
            [
              -118.135197,
              33.786057
            ],
            [
              -118.135136,
              33.786013
            ],
            [
              -118.135004,
              33.786139
            ],
            [
              -118.13507,
              33.786184
            ],
            [
              -118.135082,
              33.786174
            ],
            [
              -118.135139,
              33.786219
            ],
            [
              -118.135131,
              33.78623
            ],
            [
              -118.135137,
              33.786235
            ],
            [
              -118.135111,
              33.786257
            ],
            [
              -118.135103,
              33.786251
            ],
            [
              -118.13509,
              33.786262
            ],
            [
              -118.135077,
              33.786251
            ],
            [
              -118.135072,
              33.786254
            ],
            [
              -118.135044,
              33.786234
            ],
            [
              -118.135052,
              33.786228
            ],
            [
              -118.135039,
              33.78622
            ],
            [
              -118.135033,
              33.786226
            ],
            [
              -118.135026,
              33.786221
            ],
            [
              -118.135031,
              33.786217
            ],
            [
              -118.135017,
              33.786208
            ],
            [
              -118.135012,
              33.786213
            ],
            [
              -118.134984,
              33.786192
            ],
            [
              -118.134989,
              33.786188
            ],
            [
              -118.134972,
              33.786177
            ],
            [
              -118.134864,
              33.786283
            ],
            [
              -118.13488,
              33.786292
            ],
            [
              -118.134887,
              33.786287
            ],
            [
              -118.134914,
              33.786304
            ],
            [
              -118.134911,
              33.786312
            ],
            [
              -118.134943,
              33.786336
            ],
            [
              -118.13495,
              33.786328
            ],
            [
              -118.134978,
              33.786347
            ],
            [
              -118.134971,
              33.786355
            ],
            [
              -118.135004,
              33.786377
            ],
            [
              -118.135008,
              33.786369
            ],
            [
              -118.135035,
              33.786388
            ],
            [
              -118.135028,
              33.786396
            ],
            [
              -118.135061,
              33.786421
            ],
            [
              -118.135067,
              33.786411
            ],
            [
              -118.135098,
              33.786433
            ],
            [
              -118.135089,
              33.786442
            ],
            [
              -118.135119,
              33.786466
            ],
            [
              -118.135125,
              33.786459
            ],
            [
              -118.135156,
              33.786476
            ],
            [
              -118.135149,
              33.786484
            ],
            [
              -118.13518,
              33.786508
            ],
            [
              -118.135191,
              33.786499
            ],
            [
              -118.135216,
              33.786519
            ],
            [
              -118.13521,
              33.786524
            ],
            [
              -118.135225,
              33.786538
            ],
            [
              -118.135229,
              33.786533
            ],
            [
              -118.135234,
              33.786537
            ],
            [
              -118.135258,
              33.786512
            ],
            [
              -118.135282,
              33.786525
            ]
          ]
        ],
        "type": "Polygon"
      },
      "id": "be15ae8ba06b8340df507172f4eb2ac6"
    },
    {
      "type": "Feature",
      "properties": {
        "name": "The Pointe"
      },
      "geometry": {
        "coordinates": [
          -118.114894,
          33.787582
        ],
        "type": "Point"
      },
      "id": "be2ecf2b27241c34601ed0ac3d986261"
    },
    {
      "type": "Feature",
      "properties": {
        "name": "ID Card Services",
        "feature_type": "resource"
      },
      "geometry": {
        "coordinates": [
          -118.113967,
          33.780114
        ],
        "type": "Point"
      },
      "id": "bf84416da0642badcdbba124b96b2902"
    },
    {
      "type": "Feature",
      "properties": {
        "name": "Palo Verde South Parking Structure"
      },
      "geometry": {
        "coordinates": [
          [
            [
              -118.109774,
              33.786645
            ],
            [
              -118.109774,
              33.786597
            ],
            [
              -118.109915,
              33.786597
            ],
            [
              -118.109899,
              33.785648
            ],
            [
              -118.109827,
              33.78565
            ],
            [
              -118.10983,
              33.785598
            ],
            [
              -118.109012,
              33.785596
            ],
            [
              -118.109012,
              33.785648
            ],
            [
              -118.10895,
              33.78565
            ],
            [
              -118.10895,
              33.786601
            ],
            [
              -118.109019,
              33.786607
            ],
            [
              -118.109023,
              33.786653
            ],
            [
              -118.109774,
              33.786645
            ]
          ]
        ],
        "type": "Polygon"
      },
      "id": "bfbffbf1d7e003dec134d5f19c38194c"
    },
    {
      "type": "Feature",
      "properties": {
        "name": "Los Alamitos Hall",
        "feature_type": "building",
        "abbrev": "LAH"
      },
      "geometry": {
        "coordinates": [
          [
            [
              -118.119244,
              33.783478
            ],
            [
              -118.119203,
              33.783535
            ],
            [
              -118.119173,
              33.783521
            ],
            [
              -118.11915,
              33.783559
            ],
            [
              -118.118829,
              33.783408
            ],
            [
              -118.11872,
              33.783565
            ],
            [
              -118.118559,
              33.783481
            ],
            [
              -118.118597,
              33.783427
            ],
            [
              -118.118561,
              33.783408
            ],
            [
              -118.118578,
              33.783385
            ],
            [
              -118.118615,
              33.783402
            ],
            [
              -118.11861,
              33.78341
            ],
            [
              -118.118635,
              33.783423
            ],
            [
              -118.118666,
              33.783376
            ],
            [
              -118.118284,
              33.783192
            ],
            [
              -118.118314,
              33.783154
            ],
            [
              -118.118286,
              33.78314
            ],
            [
              -118.118327,
              33.78308
            ],
            [
              -118.118711,
              33.783268
            ],
            [
              -118.118797,
              33.78315
            ],
            [
              -118.11888,
              33.783195
            ],
            [
              -118.118822,
              33.783273
            ],
            [
              -118.119244,
              33.783478
            ]
          ]
        ],
        "type": "Polygon"
      },
      "id": "c00696a42575229965b4ba9494054916"
    },
    {
      "type": "Feature",
      "properties": {
        "name": "Brotman Hall",
        "abbrev": "BH",
        "feature_type": "building"
      },
      "geometry": {
        "coordinates": [
          [
            [
              -118.11539,
              33.783077
            ],
            [
              -118.115755,
              33.782558
            ],
            [
              -118.115122,
              33.782246
            ],
            [
              -118.11475,
              33.782769
            ],
            [
              -118.11539,
              33.783077
            ]
          ]
        ],
        "type": "Polygon"
      },
      "id": "c0b734957d84de9282a5e1497777adb4"
    },
    {
      "type": "Feature",
      "properties": {
        "name": "Parkside North",
        "feature_type": "building"
      },
      "geometry": {
        "coordinates": [
          [
            [
              -118.119873,
              33.788534
            ],
            [
              -118.119863,
              33.787827
            ],
            [
              -118.119187,
              33.787827
            ],
            [
              -118.119195,
              33.78853
            ],
            [
              -118.119873,
              33.788534
            ]
          ]
        ],
        "type": "Polygon"
      },
      "id": "c1fd077720243f43d82396a5d49b8569"
    },
    {
      "type": "Feature",
      "properties": {
        "name": "Kinesiology",
        "abbrev": "KIN",
        "feature_type": "building"
      },
      "geometry": {
        "coordinates": [
          [
            [
              -118.112703,
              33.783525
            ],
            [
              -118.113437,
              33.783525
            ],
            [
              -118.113434,
              33.782577
            ],
            [
              -118.11264,
              33.782575
            ],
            [
              -118.112645,
              33.782615
            ],
            [
              -118.112021,
              33.782602
            ],
            [
              -118.112018,
              33.782569
            ],
            [
              -118.111548,
              33.782563
            ],
            [
              -118.111575,
              33.783448
            ],
            [
              -118.112297,
              33.78345
            ],
            [
              -118.112292,
              33.783254
            ],
            [
              -118.112192,
              33.783252
            ],
            [
              -118.112195,
              33.78314
            ],
            [
              -118.112227,
              33.783142
            ],
            [
              -118.112222,
              33.783051
            ],
            [
              -118.112302,
              33.783053
            ],
            [
              -118.112307,
              33.782745
            ],
            [
              -118.11263,
              33.782745
            ],
            [
              -118.112638,
              33.783051
            ],
            [
              -118.112802,
              33.783057
            ],
            [
              -118.1128,
              33.783107
            ],
            [
              -118.112653,
              33.783101
            ],
            [
              -118.112655,
              33.78327
            ],
            [
              -118.112703,
              33.78327
            ],
            [
              -118.112703,
              33.783525
            ]
          ]
        ],
        "type": "Polygon"
      },
      "id": "c2150dadfbc927d8deb2978afb6cf8fb"
    },
    {
      "type": "Feature",
      "properties": {
        "name": "Vivian Engineering Center",
        "abbrev": "VEC"
      },
      "geometry": {
        "coordinates": [
          [
            [
              -118.110822,
              33.782952
            ],
            [
              -118.110822,
              33.783039
            ],
            [
              -118.110602,
              33.783032
            ],
            [
              -118.1106,
              33.78294
            ],
            [
              -118.110488,
              33.78295
            ],
            [
              -118.110495,
              33.783108
            ],
            [
              -118.110218,
              33.783104
            ],
            [
              -118.110223,
              33.782528
            ],
            [
              -118.11049,
              33.782531
            ],
            [
              -118.11049,
              33.782727
            ],
            [
              -118.110592,
              33.782724
            ],
            [
              -118.110599,
              33.782632
            ],
            [
              -118.110821,
              33.782635
            ],
            [
              -118.110819,
              33.78271
            ],
            [
              -118.110625,
              33.78271
            ],
            [
              -118.110624,
              33.782947
            ],
            [
              -118.110822,
              33.782952
            ]
          ]
        ],
        "type": "Polygon"
      },
      "id": "c3e35d49f1e8b1b6cb9d12af9b1a599e"
    },
    {
      "type": "Feature",
      "properties": {
        "name": "Student Recreation and Wellness Center (SRWC)",
        "abbrev": "SRWC",
        "feature_type": "building"
      },
      "geometry": {
        "coordinates": [
          [
            [
              -118.109768,
              33.785391
            ],
            [
              -118.109768,
              33.785083
            ],
            [
              -118.10983,
              33.785084
            ],
            [
              -118.109826,
              33.784911
            ],
            [
              -118.109648,
              33.784908
            ],
            [
              -118.109648,
              33.78493
            ],
            [
              -118.109621,
              33.784931
            ],
            [
              -118.109619,
              33.784881
            ],
            [
              -118.109448,
              33.784875
            ],
            [
              -118.109449,
              33.784922
            ],
            [
              -118.109428,
              33.784922
            ],
            [
              -118.109427,
              33.7849
            ],
            [
              -118.109259,
              33.784898
            ],
            [
              -118.109259,
              33.784926
            ],
            [
              -118.109242,
              33.784927
            ],
            [
              -118.109241,
              33.784898
            ],
            [
              -118.10907,
              33.784897
            ],
            [
              -118.109068,
              33.784925
            ],
            [
              -118.109038,
              33.784924
            ],
            [
              -118.109038,
              33.7849
            ],
            [
              -118.108866,
              33.784901
            ],
            [
              -118.108867,
              33.784929
            ],
            [
              -118.108839,
              33.784929
            ],
            [
              -118.10884,
              33.784992
            ],
            [
              -118.108787,
              33.784989
            ],
            [
              -118.108781,
              33.784925
            ],
            [
              -118.108549,
              33.784928
            ],
            [
              -118.108549,
              33.784992
            ],
            [
              -118.108474,
              33.784994
            ],
            [
              -118.108479,
              33.785083
            ],
            [
              -118.108351,
              33.785082
            ],
            [
              -118.108358,
              33.785388
            ],
            [
              -118.109768,
              33.785391
            ]
          ]
        ],
        "type": "Polygon"
      },
      "id": "c409262bc5d3c11708904bdb09b61251"
    },
    {
      "type": "Feature",
      "properties": {
        "name": "Social Sciences / Public Administration",
        "abbrev": "SSPA",
        "feature_type": "building"
      },
      "geometry": {
        "coordinates": [
          [
            [
              -118.111049,
              33.782073
            ],
            [
              -118.111049,
              33.782103
            ],
            [
              -118.111022,
              33.782104
            ],
            [
              -118.11102,
              33.782159
            ],
            [
              -118.110646,
              33.782158
            ],
            [
              -118.110649,
              33.782113
            ],
            [
              -118.11016,
              33.782107
            ],
            [
              -118.110154,
              33.782024
            ],
            [
              -118.110135,
              33.782026
            ],
            [
              -118.110136,
              33.781988
            ],
            [
              -118.110154,
              33.781988
            ],
            [
              -118.110155,
              33.781904
            ],
            [
              -118.110647,
              33.781905
            ],
            [
              -118.11065,
              33.781861
            ],
            [
              -118.111028,
              33.781862
            ],
            [
              -118.111028,
              33.781916
            ],
            [
              -118.111043,
              33.781916
            ],
            [
              -118.111042,
              33.781953
            ],
            [
              -118.110994,
              33.781951
            ],
            [
              -118.110994,
              33.781961
            ],
            [
              -118.110741,
              33.781962
            ],
            [
              -118.11074,
              33.782061
            ],
            [
              -118.110991,
              33.782061
            ],
            [
              -118.110989,
              33.782072
            ],
            [
              -118.111049,
              33.782073
            ]
          ]
        ],
        "type": "Polygon"
      },
      "id": "c5766120c9ee99ff88b2188bb8a04432"
    },
    {
      "type": "Feature",
      "properties": {
        "name": "Hall of Science",
        "abbrev": "HSCI",
        "feature_type": "building"
      },
      "geometry": {
        "coordinates": [
          [
            [
              -118.112971,
              33.780149
            ],
            [
              -118.112647,
              33.780113
            ],
            [
              -118.112652,
              33.780083
            ],
            [
              -118.112574,
              33.780061
            ],
            [
              -118.112591,
              33.779997
            ],
            [
              -118.112539,
              33.779982
            ],
            [
              -118.112533,
              33.779964
            ],
            [
              -118.112178,
              33.779881
            ],
            [
              -118.112164,
              33.779926
            ],
            [
              -118.111974,
              33.779874
            ],
            [
              -118.112015,
              33.779725
            ],
            [
              -118.111985,
              33.779713
            ],
            [
              -118.112036,
              33.779549
            ],
            [
              -118.112076,
              33.779559
            ],
            [
              -118.112091,
              33.779524
            ],
            [
              -118.112567,
              33.779625
            ],
            [
              -118.112591,
              33.779559
            ],
            [
              -118.11309,
              33.779676
            ],
            [
              -118.113048,
              33.779787
            ],
            [
              -118.113077,
              33.7798
            ],
            [
              -118.113005,
              33.779958
            ],
            [
              -118.112971,
              33.780149
            ]
          ]
        ],
        "type": "Polygon"
      },
      "id": "c5be976252a3d3d237b9d7eaebf512cd"
    },
    {
      "type": "Feature",
      "properties": {
        "name": "Lot G8",
        "feature_type": "parking"
      },
      "geometry": {
        "coordinates": [
          [
            [
              -118.119034,
              33.787733
            ],
            [
              -118.119002,
              33.787013
            ],
            [
              -118.116263,
              33.787033
            ],
            [
              -118.116311,
              33.787719
            ],
            [
              -118.119034,
              33.787733
            ]
          ]
        ],
        "type": "Polygon"
      },
      "id": "c90f46466f0179d2da243c3e93dbd228"
    },
    {
      "type": "Feature",
      "properties": {
        "name": "Office of Professional Development and Internships",
        "feature_type": "resource"
      },
      "geometry": {
        "coordinates": [
          -118.110221,
          33.783729
        ],
        "type": "Point"
      },
      "id": "c97b371e32bb935d0097ca3189ab7de5"
    },
    {
      "type": "Feature",
      "properties": {
        "name": "Hillside E",
        "feature_type": "building"
      },
      "geometry": {
        "coordinates": [
          [
            [
              -118.119118,
              33.78386
            ],
            [
              -118.119129,
              33.783835
            ],
            [
              -118.119216,
              33.783872
            ],
            [
              -118.119227,
              33.783853
            ],
            [
              -118.119244,
              33.78386
            ],
            [
              -118.11927,
              33.783818
            ],
            [
              -118.119241,
              33.783806
            ],
            [
              -118.119259,
              33.783779
            ],
            [
              -118.119283,
              33.783792
            ],
            [
              -118.119311,
              33.783748
            ],
            [
              -118.119304,
              33.783748
            ],
            [
              -118.119323,
              33.78372
            ],
            [
              -118.119265,
              33.783693
            ],
            [
              -118.119259,
              33.783702
            ],
            [
              -118.119229,
              33.783687
            ],
            [
              -118.119256,
              33.783648
            ],
            [
              -118.11923,
              33.783637
            ],
            [
              -118.119207,
              33.783675
            ],
            [
              -118.119177,
              33.783663
            ],
            [
              -118.119183,
              33.783657
            ],
            [
              -118.11912,
              33.783632
            ],
            [
              -118.119108,
              33.783658
            ],
            [
              -118.119099,
              33.783653
            ],
            [
              -118.119075,
              33.783697
            ],
            [
              -118.119098,
              33.783705
            ],
            [
              -118.119081,
              33.783734
            ],
            [
              -118.119051,
              33.783722
            ],
            [
              -118.119027,
              33.783763
            ],
            [
              -118.119044,
              33.783768
            ],
            [
              -118.119029,
              33.783789
            ],
            [
              -118.119101,
              33.783822
            ],
            [
              -118.119083,
              33.783845
            ],
            [
              -118.119026,
              33.783819
            ],
            [
              -118.118988,
              33.783876
            ],
            [
              -118.119059,
              33.783908
            ],
            [
              -118.11904,
              33.783931
            ],
            [
              -118.118968,
              33.783893
            ],
            [
              -118.118951,
              33.783914
            ],
            [
              -118.118939,
              33.783906
            ],
            [
              -118.118911,
              33.783947
            ],
            [
              -118.118936,
              33.783957
            ],
            [
              -118.118917,
              33.783985
            ],
            [
              -118.118889,
              33.78397
            ],
            [
              -118.118864,
              33.784011
            ],
            [
              -118.118873,
              33.784019
            ],
            [
              -118.118857,
              33.784043
            ],
            [
              -118.118914,
              33.78407
            ],
            [
              -118.118918,
              33.784061
            ],
            [
              -118.118943,
              33.784073
            ],
            [
              -118.118919,
              33.784114
            ],
            [
              -118.118945,
              33.784129
            ],
            [
              -118.118969,
              33.784087
            ],
            [
              -118.118997,
              33.784098
            ],
            [
              -118.118993,
              33.784108
            ],
            [
              -118.119051,
              33.784135
            ],
            [
              -118.119066,
              33.784107
            ],
            [
              -118.119076,
              33.784112
            ],
            [
              -118.1191,
              33.784072
            ],
            [
              -118.119076,
              33.784061
            ],
            [
              -118.119092,
              33.784031
            ],
            [
              -118.119118,
              33.784042
            ],
            [
              -118.119145,
              33.784001
            ],
            [
              -118.119129,
              33.783995
            ],
            [
              -118.119142,
              33.783976
            ],
            [
              -118.119063,
              33.783942
            ],
            [
              -118.119078,
              33.783914
            ],
            [
              -118.119133,
              33.783942
            ],
            [
              -118.119174,
              33.783882
            ],
            [
              -118.119118,
              33.78386
            ]
          ]
        ],
        "type": "Polygon"
      },
      "id": "ca4d1df6b59e5de99f1c0d552813fd6e"
    },
    {
      "type": "Feature",
      "properties": {
        "name": "Bickerstaff Academic Center for Student Athletes",
        "feature_type": "resource"
      },
      "geometry": {
        "coordinates": [
          -118.113088,
          33.783146
        ],
        "type": "Point"
      },
      "id": "ca8f4d285f8da1d1827f19ad6f543202"
    },
    {
      "type": "Feature",
      "properties": {
        "name": "Theatre Arts",
        "abbrev": "TA",
        "feature_type": "building"
      },
      "geometry": {
        "coordinates": [
          [
            [
              -118.112827,
              33.776738
            ],
            [
              -118.112957,
              33.776337
            ],
            [
              -118.112472,
              33.776228
            ],
            [
              -118.112439,
              33.776302
            ],
            [
              -118.112143,
              33.77624
            ],
            [
              -118.112108,
              33.776347
            ],
            [
              -118.112166,
              33.77636
            ],
            [
              -118.112142,
              33.776445
            ],
            [
              -118.112042,
              33.776443
            ],
            [
              -118.112039,
              33.776606
            ],
            [
              -118.112014,
              33.776611
            ],
            [
              -118.112015,
              33.77669
            ],
            [
              -118.112045,
              33.776691
            ],
            [
              -118.112034,
              33.776923
            ],
            [
              -118.112232,
              33.776927
            ],
            [
              -118.112231,
              33.776711
            ],
            [
              -118.112288,
              33.776712
            ],
            [
              -118.11229,
              33.776539
            ],
            [
              -118.112352,
              33.776553
            ],
            [
              -118.112334,
              33.776627
            ],
            [
              -118.112827,
              33.776738
            ]
          ]
        ],
        "type": "Polygon"
      },
      "id": "cb21284375f6ea06ff8733601dda3e1d"
    },
    {
      "type": "Feature",
      "properties": {
        "name": "LifeFit Center",
        "feature_type": "resource"
      },
      "geometry": {
        "coordinates": [
          -118.111743,
          33.783372
        ],
        "type": "Point"
      },
      "id": "cb3f1c1b28c63285ba6eabf30904b765"
    },
    {
      "type": "Feature",
      "properties": {
        "name": "Engineering Tutoring Center",
        "feature_type": "resource"
      },
      "geometry": {
        "coordinates": [
          -118.110835,
          33.783223
        ],
        "type": "Point"
      },
      "id": "cbad5d14d900e9d4457447570be87150"
    },
    {
      "type": "Feature",
      "properties": {
        "name": "Health and Human Services 2 Offices",
        "abbrev": "HHS2",
        "feature_type": "building"
      },
      "geometry": {
        "coordinates": [
          [
            [
              [
                -118.112861,
                33.782233
              ],
              [
                -118.112847,
                33.782265
              ],
              [
                -118.11274,
                33.782234
              ],
              [
                -118.112666,
                33.782227
              ],
              [
                -118.112573,
                33.78222
              ],
              [
                -118.112574,
                33.782186
              ],
              [
                -118.112655,
                33.782184
              ],
              [
                -118.112774,
                33.782207
              ],
              [
                -118.112843,
                33.782222
              ],
              [
                -118.112861,
                33.782233
              ]
            ]
          ],
          [
            [
              [
                -118.112452,
                33.782222
              ],
              [
                -118.112453,
                33.782185
              ],
              [
                -118.112352,
                33.782189
              ],
              [
                -118.112244,
                33.782207
              ],
              [
                -118.112164,
                33.782231
              ],
              [
                -118.11218,
                33.782261
              ],
              [
                -118.112276,
                33.782239
              ],
              [
                -118.112355,
                33.782226
              ],
              [
                -118.112452,
                33.782222
              ]
            ]
          ]
        ],
        "type": "MultiPolygon"
      },
      "id": "cc7d37d968724b983366d860db306d94"
    },
    {
      "type": "Feature",
      "properties": {
        "name": "Fine Arts 2",
        "abbrev": "FA2",
        "feature_type": "building"
      },
      "geometry": {
        "coordinates": [
          [
            [
              -118.112694,
              33.777748
            ],
            [
              -118.11274,
              33.777757
            ],
            [
              -118.112792,
              33.777601
            ],
            [
              -118.11275,
              33.777592
            ],
            [
              -118.11276,
              33.777527
            ],
            [
              -118.112163,
              33.777393
            ],
            [
              -118.112157,
              33.777411
            ],
            [
              -118.112135,
              33.777406
            ],
            [
              -118.11213,
              33.777417
            ],
            [
              -118.112022,
              33.777393
            ],
            [
              -118.112024,
              33.777374
            ],
            [
              -118.111951,
              33.777358
            ],
            [
              -118.111951,
              33.777342
            ],
            [
              -118.111871,
              33.777323
            ],
            [
              -118.111876,
              33.777281
            ],
            [
              -118.111768,
              33.777254
            ],
            [
              -118.111728,
              33.777211
            ],
            [
              -118.111657,
              33.777199
            ],
            [
              -118.111608,
              33.777343
            ],
            [
              -118.111626,
              33.777346
            ],
            [
              -118.11156,
              33.777507
            ],
            [
              -118.111591,
              33.777508
            ],
            [
              -118.111655,
              33.777525
            ],
            [
              -118.111685,
              33.777549
            ],
            [
              -118.111954,
              33.777611
            ],
            [
              -118.111972,
              33.777547
            ],
            [
              -118.112076,
              33.777576
            ],
            [
              -118.112107,
              33.777463
            ],
            [
              -118.112133,
              33.777465
            ],
            [
              -118.112135,
              33.777497
            ],
            [
              -118.112519,
              33.777599
            ],
            [
              -118.112467,
              33.77778
            ],
            [
              -118.112665,
              33.777827
            ],
            [
              -118.112694,
              33.777748
            ]
          ]
        ],
        "type": "Polygon"
      },
      "id": "d03385d3b0f734eb97d4fec0c1578781"
    },
    {
      "type": "Feature",
      "properties": {
        "name": "Research Foundation",
        "abbrev": "FND",
        "feature_type": "building"
      },
      "geometry": {
        "coordinates": [
          [
            [
              -118.110818,
              33.781245
            ],
            [
              -118.110815,
              33.781379
            ],
            [
              -118.110774,
              33.781379
            ],
            [
              -118.110772,
              33.781414
            ],
            [
              -118.109982,
              33.781407
            ],
            [
              -118.109982,
              33.781374
            ],
            [
              -118.109941,
              33.781374
            ],
            [
              -118.109942,
              33.781205
            ],
            [
              -118.109982,
              33.781206
            ],
            [
              -118.109984,
              33.781003
            ],
            [
              -118.110022,
              33.781
            ],
            [
              -118.110021,
              33.780968
            ],
            [
              -118.110179,
              33.780966
            ],
            [
              -118.110182,
              33.780998
            ],
            [
              -118.110219,
              33.780998
            ],
            [
              -118.110219,
              33.78121
            ],
            [
              -118.110775,
              33.78121
            ],
            [
              -118.110771,
              33.781244
            ],
            [
              -118.110818,
              33.781245
            ]
          ]
        ],
        "type": "Polygon"
      },
      "id": "d16f3befb2f51c31b93a842042675dd9"
    },
    {
      "type": "Feature",
      "properties": {
        "name": "School Age Program",
        "feature_type": "resource"
      },
      "geometry": {
        "coordinates": [
          -118.120553,
          33.78823
        ],
        "type": "Point"
      },
      "id": "d38d003528fc01f3136a19f7d61ee7fc"
    },
    {
      "type": "Feature",
      "properties": {
        "name": "Rugby Field"
      },
      "geometry": {
        "coordinates": [
          [
            [
              -118.112747,
              33.785326
            ],
            [
              -118.111989,
              33.785322
            ],
            [
              -118.111993,
              33.784264
            ],
            [
              -118.112745,
              33.784269
            ],
            [
              -118.112747,
              33.785326
            ]
          ]
        ],
        "type": "Polygon"
      },
      "id": "d3c4e4e8a49c9c11bdc114813d9fe041"
    },
    {
      "type": "Feature",
      "properties": {
        "name": "Peterson Hall 1",
        "abbrev": "PH1",
        "feature_type": "building"
      },
      "geometry": {
        "coordinates": [
          [
            [
              -118.11327,
              33.779032
            ],
            [
              -118.113317,
              33.779043
            ],
            [
              -118.113285,
              33.779142
            ],
            [
              -118.113239,
              33.779131
            ],
            [
              -118.113228,
              33.779166
            ],
            [
              -118.112057,
              33.778906
            ],
            [
              -118.112073,
              33.778863
            ],
            [
              -118.112033,
              33.778858
            ],
            [
              -118.112069,
              33.778758
            ],
            [
              -118.11211,
              33.778764
            ],
            [
              -118.11213,
              33.778704
            ],
            [
              -118.112458,
              33.77878
            ],
            [
              -118.112517,
              33.778589
            ],
            [
              -118.112685,
              33.778628
            ],
            [
              -118.112778,
              33.778758
            ],
            [
              -118.112751,
              33.778849
            ],
            [
              -118.11329,
              33.778972
            ],
            [
              -118.11327,
              33.779032
            ]
          ]
        ],
        "type": "Polygon"
      },
      "id": "d625d8c4f29c8fbc70b90829bde8c72e"
    },
    {
      "type": "Feature",
      "properties": {
        "name": "English Language Training Programs",
        "feature_type": "resource"
      },
      "geometry": {
        "coordinates": [
          -118.110299,
          33.781369
        ],
        "type": "Point"
      },
      "id": "d7c73bcfdf29be26657d8180a656f581"
    },
    {
      "type": "Feature",
      "properties": {
        "name": "University Print Shop",
        "abbrev": "UPS",
        "feature_type": "building"
      },
      "geometry": {
        "coordinates": [
          [
            [
              -118.108581,
              33.78437
            ],
            [
              -118.108581,
              33.784264
            ],
            [
              -118.108383,
              33.784261
            ],
            [
              -118.108382,
              33.784367
            ],
            [
              -118.108581,
              33.78437
            ]
          ]
        ],
        "type": "Polygon"
      },
      "id": "d8597c46b0c0ed2e8bfaa064832bcae6"
    },
    {
      "type": "Feature",
      "properties": {
        "name": "Liberal Arts 2",
        "abbrev": "LA2",
        "feature_type": "building"
      },
      "geometry": {
        "coordinates": [
          [
            [
              -118.114894,
              33.77811
            ],
            [
              -118.114228,
              33.777959
            ],
            [
              -118.11426,
              33.777874
            ],
            [
              -118.114806,
              33.778001
            ],
            [
              -118.114846,
              33.77788
            ],
            [
              -118.114953,
              33.777906
            ],
            [
              -118.114894,
              33.77811
            ]
          ]
        ],
        "type": "Polygon"
      },
      "id": "d9913b319b7e4a37837d330f8a2fc753"
    },
    {
      "type": "Feature",
      "properties": {
        "name": "Cinematic Arts",
        "abbrev": "CA",
        "feature_type": "building"
      },
      "geometry": {
        "coordinates": [
          [
            [
              -118.111986,
              33.776932
            ],
            [
              -118.111984,
              33.776796
            ],
            [
              -118.111771,
              33.776798
            ],
            [
              -118.111782,
              33.776581
            ],
            [
              -118.111956,
              33.776579
            ],
            [
              -118.111954,
              33.776486
            ],
            [
              -118.111782,
              33.776477
            ],
            [
              -118.111778,
              33.776454
            ],
            [
              -118.111571,
              33.776451
            ],
            [
              -118.11158,
              33.776578
            ],
            [
              -118.111621,
              33.776583
            ],
            [
              -118.111614,
              33.77693
            ],
            [
              -118.111986,
              33.776932
            ]
          ]
        ],
        "type": "Polygon"
      },
      "id": "da3c6386816e2be610c003a42bbd3081"
    },
    {
      "type": "Feature",
      "properties": {
        "name": "Bookstore Convenience Store",
        "feature_type": "building"
      },
      "geometry": {
        "coordinates": [
          [
            [
              -118.11398,
              33.779872
            ],
            [
              -118.113828,
              33.779867
            ],
            [
              -118.113831,
              33.77981
            ],
            [
              -118.113977,
              33.779807
            ],
            [
              -118.11398,
              33.779872
            ]
          ]
        ],
        "type": "Polygon"
      },
      "id": "da64290e6772e80515250f48eb57c068"
    },
    {
      "type": "Feature",
      "properties": {
        "name": "Language Arts Building",
        "abbrev": "LAB",
        "feature_type": "building"
      },
      "geometry": {
        "coordinates": [
          [
            [
              -118.112773,
              33.776995
            ],
            [
              -118.112757,
              33.777044
            ],
            [
              -118.112594,
              33.777006
            ],
            [
              -118.112606,
              33.776958
            ],
            [
              -118.112434,
              33.776917
            ],
            [
              -118.112489,
              33.77675
            ],
            [
              -118.112919,
              33.776852
            ],
            [
              -118.112869,
              33.777015
            ],
            [
              -118.112773,
              33.776995
            ]
          ]
        ],
        "type": "Polygon"
      },
      "id": "da86ab4b94b5e9b56ac6e9bcc090722b"
    },
    {
      "type": "Feature",
      "properties": {
        "name": "College of Liberal Arts",
        "abbrev": "CLA",
        "feature_type": "building"
      },
      "geometry": {
        "coordinates": [
          [
            [
              -118.114177,
              33.777973
            ],
            [
              -118.114039,
              33.777945
            ],
            [
              -118.114153,
              33.777563
            ],
            [
              -118.1143,
              33.777594
            ],
            [
              -118.114177,
              33.777973
            ]
          ]
        ],
        "type": "Polygon"
      },
      "id": "db013bb7e28c180450cc1393c306969c"
    },
    {
      "type": "Feature",
      "properties": {
        "name": "FIne Arts 3",
        "abbrev": "FA3",
        "feature_type": "building"
      },
      "geometry": {
        "coordinates": [
          [
            [
              -118.112569,
              33.77813
            ],
            [
              -118.111825,
              33.777959
            ],
            [
              -118.111917,
              33.777676
            ],
            [
              -118.112578,
              33.777831
            ],
            [
              -118.112583,
              33.777816
            ],
            [
              -118.112661,
              33.777832
            ],
            [
              -118.112569,
              33.77813
            ]
          ]
        ],
        "type": "Polygon"
      },
      "id": "dcf5922b3a6e1c38607d877b06f9e2bf"
    },
    {
      "type": "Feature",
      "properties": {
        "name": "Liberal Arts 5",
        "abbrev": "LA5",
        "feature_type": "building"
      },
      "geometry": {
        "coordinates": [
          [
            [
              -118.114535,
              33.779145
            ],
            [
              -118.113901,
              33.779006
            ],
            [
              -118.113982,
              33.778724
            ],
            [
              -118.114634,
              33.778861
            ],
            [
              -118.114535,
              33.779145
            ]
          ]
        ],
        "type": "Polygon"
      },
      "id": "df4f33d4de8aff9ed3b0bf0e1d4e976d"
    },
    {
      "type": "Feature",
      "properties": {
        "name": "Engineering Technology ",
        "abbrev": "ET",
        "feature_type": "building"
      },
      "geometry": {
        "coordinates": [
          [
            [
              -118.109924,
              33.783265
            ],
            [
              -118.109795,
              33.783261
            ],
            [
              -118.109797,
              33.783279
            ],
            [
              -118.109759,
              33.783279
            ],
            [
              -118.109757,
              33.783261
            ],
            [
              -118.109694,
              33.783264
            ],
            [
              -118.109695,
              33.783281
            ],
            [
              -118.109657,
              33.783281
            ],
            [
              -118.109656,
              33.783266
            ],
            [
              -118.109398,
              33.783264
            ],
            [
              -118.109395,
              33.783276
            ],
            [
              -118.108929,
              33.783274
            ],
            [
              -118.108932,
              33.783204
            ],
            [
              -118.108732,
              33.783203
            ],
            [
              -118.108725,
              33.782446
            ],
            [
              -118.108774,
              33.782446
            ],
            [
              -118.108777,
              33.782465
            ],
            [
              -118.108892,
              33.782467
            ],
            [
              -118.108902,
              33.782604
            ],
            [
              -118.108968,
              33.782603
            ],
            [
              -118.108965,
              33.782462
            ],
            [
              -118.109087,
              33.782463
            ],
            [
              -118.109084,
              33.782446
            ],
            [
              -118.109129,
              33.78245
            ],
            [
              -118.109131,
              33.783078
            ],
            [
              -118.109859,
              33.783087
            ],
            [
              -118.109859,
              33.783073
            ],
            [
              -118.109903,
              33.783076
            ],
            [
              -118.109901,
              33.783159
            ],
            [
              -118.109932,
              33.783161
            ],
            [
              -118.109924,
              33.783265
            ]
          ]
        ],
        "type": "Polygon"
      },
      "id": "e4469f2ae64388950f1f06357e5ab8c4"
    },
    {
      "type": "Feature",
      "properties": {
        "name": "Visitor Information Center",
        "abbrev": "VIC",
        "feature_type": "building"
      },
      "geometry": {
        "coordinates": [
          [
            [
              -118.119386,
              33.781981
            ],
            [
              -118.119384,
              33.781956
            ],
            [
              -118.119204,
              33.781959
            ],
            [
              -118.119201,
              33.781978
            ],
            [
              -118.119386,
              33.781981
            ]
          ]
        ],
        "type": "Polygon"
      },
      "id": "e5b9e7df60996f8cfda17106b457fb42"
    },
    {
      "type": "Feature",
      "properties": {
        "name": "Health and Human Services 1 Classrooms",
        "abbrev": "HHS1",
        "feature_type": "building"
      },
      "geometry": {
        "coordinates": [
          [
            [
              -118.112007,
              33.782449
            ],
            [
              -118.112008,
              33.782322
            ],
            [
              -118.112447,
              33.782321
            ],
            [
              -118.112445,
              33.782384
            ],
            [
              -118.112579,
              33.782382
            ],
            [
              -118.112579,
              33.782325
            ],
            [
              -118.113019,
              33.782326
            ],
            [
              -118.113018,
              33.782434
            ],
            [
              -118.112883,
              33.782436
            ],
            [
              -118.112884,
              33.782466
            ],
            [
              -118.112849,
              33.782466
            ],
            [
              -118.112847,
              33.782435
            ],
            [
              -118.112446,
              33.782435
            ],
            [
              -118.112447,
              33.78245
            ],
            [
              -118.112007,
              33.782449
            ]
          ]
        ],
        "type": "Polygon"
      },
      "id": "e6248946e8ff038729ceb3662e1c77fc"
    },
    {
      "type": "Feature",
      "properties": {
        "name": "Center for Student Success",
        "feature_type": "resource"
      },
      "geometry": {
        "coordinates": [
          -118.116153,
          33.784228
        ],
        "type": "Point"
      },
      "id": "e6fd77eeb2026580e7e92e5dc4da2011"
    },
    {
      "type": "Feature",
      "properties": {
        "name": "Jack Rose Track"
      },
      "geometry": {
        "coordinates": [
          [
            [
              -118.115075,
              33.785446
            ],
            [
              -118.114963,
              33.785534
            ],
            [
              -118.114414,
              33.785534
            ],
            [
              -118.114201,
              33.785531
            ],
            [
              -118.114008,
              33.785481
            ],
            [
              -118.113816,
              33.785365
            ],
            [
              -118.113529,
              33.785362
            ],
            [
              -118.113526,
              33.783761
            ],
            [
              -118.113729,
              33.783755
            ],
            [
              -118.113879,
              33.78379
            ],
            [
              -118.114344,
              33.783772
            ],
            [
              -118.114669,
              33.783851
            ],
            [
              -118.114851,
              33.783839
            ],
            [
              -118.114994,
              33.783892
            ],
            [
              -118.115015,
              33.784261
            ],
            [
              -118.115082,
              33.78429
            ],
            [
              -118.115075,
              33.785446
            ]
          ]
        ],
        "type": "Polygon"
      },
      "id": "ea8c8c0db98e5b7b24a1be737c03197f"
    },
    {
      "type": "Feature",
      "properties": {
        "name": "Lot G6",
        "feature_type": "parking"
      },
      "geometry": {
        "coordinates": [
          [
            [
              -118.118569,
              33.786031
            ],
            [
              -118.118543,
              33.785604
            ],
            [
              -118.118787,
              33.785338
            ],
            [
              -118.117979,
              33.784847
            ],
            [
              -118.117863,
              33.78489
            ],
            [
              -118.117144,
              33.784505
            ],
            [
              -118.116374,
              33.785658
            ],
            [
              -118.116374,
              33.786021
            ],
            [
              -118.118569,
              33.786031
            ]
          ]
        ],
        "type": "Polygon"
      },
      "id": "eb121af2bfb1bde9a96c743a32b9477e"
    },
    {
      "type": "Feature",
      "properties": {
        "name": "Accessible Instructional Materials Center",
        "abbrev": "AIM",
        "feature_type": "resource"
      },
      "geometry": {
        "coordinates": [
          -118.114177,
          33.776966
        ],
        "type": "Point"
      },
      "id": "ecfa9516000db234d384f04bda2db729"
    },
    {
      "type": "Feature",
      "properties": {
        "name": "Art Store",
        "feature_type": "resource"
      },
      "geometry": {
        "coordinates": [
          -118.112622,
          33.777857
        ],
        "type": "Point"
      },
      "id": "ed753fe7304c69c1a1b8a937b346a850"
    },
    {
      "type": "Feature",
      "properties": {
        "name": "CPaCE Student Services Center",
        "feature_type": "resource"
      },
      "geometry": {
        "coordinates": [
          -118.110429,
          33.781369
        ],
        "type": "Point"
      },
      "id": "f050019bd8ef6fc4fc7d849011b73900"
    },
    {
      "type": "Feature",
      "properties": {
        "name": "Human Services and Design",
        "abbrev": "HSD",
        "feature_type": "building"
      },
      "geometry": {
        "coordinates": [
          [
            [
              -118.10987,
              33.782912
            ],
            [
              -118.109538,
              33.782915
            ],
            [
              -118.109537,
              33.782846
            ],
            [
              -118.10944,
              33.78285
            ],
            [
              -118.109442,
              33.782915
            ],
            [
              -118.10929,
              33.782912
            ],
            [
              -118.109292,
              33.782821
            ],
            [
              -118.109223,
              33.782824
            ],
            [
              -118.109225,
              33.782639
            ],
            [
              -118.109294,
              33.782641
            ],
            [
              -118.109294,
              33.782503
            ],
            [
              -118.109475,
              33.782506
            ],
            [
              -118.109469,
              33.782598
            ],
            [
              -118.109558,
              33.782597
            ],
            [
              -118.109557,
              33.7825
            ],
            [
              -118.109883,
              33.782508
            ],
            [
              -118.10987,
              33.782912
            ]
          ]
        ],
        "type": "Polygon"
      },
      "id": "f1d0a20659bde8a215a6567ff85787bd"
    },
    {
      "type": "Feature",
      "properties": {
        "name": "Licensing & Trademarks",
        "feature_type": "resource"
      },
      "geometry": {
        "coordinates": [
          -118.114061,
          33.779958
        ],
        "type": "Point"
      },
      "id": "f2c0662f2125f32b7b32bd50112259e0"
    },
    {
      "type": "Feature",
      "properties": {
        "name": "Engineering and Computer Science",
        "abbrev": "ECS",
        "feature_type": "building"
      },
      "geometry": {
        "coordinates": [
          [
            [
              -118.110422,
              33.783973
            ],
            [
              -118.110223,
              33.78397
            ],
            [
              -118.110223,
              33.78391
            ],
            [
              -118.110123,
              33.783904
            ],
            [
              -118.110142,
              33.783233
            ],
            [
              -118.110324,
              33.78324
            ],
            [
              -118.110373,
              33.783261
            ],
            [
              -118.110501,
              33.783267
            ],
            [
              -118.110505,
              33.783406
            ],
            [
              -118.110367,
              33.783404
            ],
            [
              -118.110367,
              33.783552
            ],
            [
              -118.110406,
              33.783556
            ],
            [
              -118.110413,
              33.783615
            ],
            [
              -118.110371,
              33.783616
            ],
            [
              -118.110367,
              33.783911
            ],
            [
              -118.110422,
              33.783917
            ],
            [
              -118.110422,
              33.783973
            ]
          ]
        ],
        "type": "Polygon"
      },
      "id": "f2ca4aae0610072f04bcc8c8b996c893"
    },
    {
      "type": "Feature",
      "properties": {
        "name": "Rhodes Tennis Center"
      },
      "geometry": {
        "coordinates": [
          [
            [
              -118.111468,
              33.784867
            ],
            [
              -118.109996,
              33.78486
            ],
            [
              -118.109988,
              33.784225
            ],
            [
              -118.109977,
              33.784155
            ],
            [
              -118.111453,
              33.784158
            ],
            [
              -118.111468,
              33.784867
            ]
          ]
        ],
        "type": "Polygon"
      },
      "id": "f47e1f29ee2cc7f04e8a883601d88744"
    },
    {
      "type": "Feature",
      "properties": {
        "name": "Hillside Commons",
        "feature_type": "building"
      },
      "geometry": {
        "coordinates": [
          [
            [
              -118.120207,
              33.783335
            ],
            [
              -118.120191,
              33.783357
            ],
            [
              -118.120222,
              33.783376
            ],
            [
              -118.120174,
              33.783454
            ],
            [
              -118.120198,
              33.78347
            ],
            [
              -118.120076,
              33.783636
            ],
            [
              -118.119723,
              33.78347
            ],
            [
              -118.119783,
              33.783385
            ],
            [
              -118.119828,
              33.783408
            ],
            [
              -118.119887,
              33.78332
            ],
            [
              -118.119859,
              33.783307
            ],
            [
              -118.119874,
              33.783292
            ],
            [
              -118.119851,
              33.783276
            ],
            [
              -118.119911,
              33.783199
            ],
            [
              -118.120207,
              33.783335
            ]
          ]
        ],
        "type": "Polygon"
      },
      "id": "f938b2761205b15e691d7b7418a24b7c"
    },
    {
      "type": "Feature",
      "properties": {
        "name": "Legal Resource Center",
        "feature_type": "resource"
      },
      "geometry": {
        "coordinates": [
          -118.116108,
          33.784128
        ],
        "type": "Point"
      },
      "id": "f95d1cc6426b17f321016ce661f5fe40"
    },
    {
      "type": "Feature",
      "properties": {
        "name": "Faculty Office 5",
        "abbrev": "FO5",
        "feature_type": "building"
      },
      "geometry": {
        "coordinates": [
          [
            [
              -118.112672,
              33.779193
            ],
            [
              -118.112714,
              33.779079
            ],
            [
              -118.112067,
              33.778934
            ],
            [
              -118.112033,
              33.779048
            ],
            [
              -118.112672,
              33.779193
            ]
          ]
        ],
        "type": "Polygon"
      },
      "id": "fc080a39ab7d59f6744e25bc16a9dd50"
    },
    {
      "type": "Feature",
      "properties": {
        "name": "Parkside Common",
        "feature_type": "building"
      },
      "geometry": {
        "coordinates": [
          [
            [
              -118.120471,
              33.787067
            ],
            [
              -118.120466,
              33.786774
            ],
            [
              -118.120325,
              33.786776
            ],
            [
              -118.120322,
              33.786805
            ],
            [
              -118.120225,
              33.7868
            ],
            [
              -118.12023,
              33.786828
            ],
            [
              -118.120291,
              33.786834
            ],
            [
              -118.120291,
              33.786854
            ],
            [
              -118.120231,
              33.786851
            ],
            [
              -118.120231,
              33.786987
            ],
            [
              -118.120285,
              33.786982
            ],
            [
              -118.120287,
              33.787012
            ],
            [
              -118.120325,
              33.787014
            ],
            [
              -118.120322,
              33.787069
            ],
            [
              -118.120471,
              33.787067
            ]
          ]
        ],
        "type": "Polygon"
      },
      "id": "ff7867d1e444dc809ef9efae6b4bd443"
    }
  ],
  "type": "FeatureCollection"
}